,keyword,keysentence
0,언론,협치하다간 정권 뺏긴다. 검찰 개혁 언론개혁 확실히 해야 한다. 재난지원금은 보편 지급하고.. 이번 선거는 이낙연이 말아 먹음
1,20대,"민생 부동산 문제도 너무나 중요하지만, 언론과 검찰 개혁은 민주당의 존립이 달린 문제니만큼 법안 통과에 매진하라."
2,초선,요대로 180석 안일하게 버티고 있으면 내년 대선? 후! 저부터 빨간 당으로 갑니다 언론 개혁하고 국민들 얘길 들으세요
3,개혁,야당과 왜 협치해? 그냥 밀고 나가!! 부동산 적폐. 검찰 개혁. 언론 개혁
4,선거,"검찰, 언론개혁 안 해서 진 줄 모르고 멍청한 소리 한 거죠 촛불 시민을 적의로 돌린 초선 오적"
5,부동산,무슨 소리 하는 거요? 대통령이 아무리 잘하면 뭐 해요? 기러기들이 문제지? 큰 언론 개혁이 어려우면 포털이라도 바로 세워야지
6,국민,"부동산, 알면서도 왜 뒷북만 칠까요? 재건축 재개발 왜 안 해야 했지요? 무너져야 착수 하나요. 국회의원 선거 때도 언론 지형은 마찬가지였습니다"
7,박시영,초선 의원 다섯 명이 조국 추미애 검찰 개혁 잘못했다 하는데 진짜 이것 때문인가? 난 아니라고 보는데
8,페미,민주당은 여성가족부 해체하고 페미 정당에서 벗어나 야 여성 특혜 주는 정책을 모두 폐지해야 20대 남성 쇼를 얻을 수 있다.
9,지금,저렇게 생각하는 2030들도 있지요. 언론 때문에 잘 모르는 게 문제지 요 지금 제대로 일을 안 한 게 핵심인데 ㅜㅜ
10,문제,그럼 언론 개혁 없이 조중동의 포털 장악 거짓 조작 침소봉대는 방치한 채 대선 지면 모든 게 끝인데 무슨 느슨한 시추에이션
11,사람,조국 전 장관의 희생으로 검찰 개혁이 이루어지고 그분의 희생으로 총선에서 180석 얻었다는 것을 무시할 수는 없다고 생각합니다.
12,의원,레디컬 페미 묻은 자들 깡그리 쳐 내세요. 20대 30대 더 나아가 미래의 정치 지지 자원인 10대들의 마음마저 다 얻어질 겁니다
13,대선,주변에 많은 사람은 무조건 조중동 기사만 보고 그대로 믿는다. 문재인 정부 실적 1도 모른다. 부동산 대출 규제와 양도세 중과만 안다. 끝.
14,남성,민주당 초선 조 국장관 비난 보고 실망했다. 국지 마당에는 조국보다 더 나쁜 사람 수십 명 있다. 나경원이 물고 늘어진 초선 한 명이라도 있나?
15,검찰,엄중 협치 좋아요. 부동산 투기 좋아 좋아 그린벨트 36억 LCT 2채 소유자가 최고 영웅 대접받고 전광훈도 사랑하는 국민성 대한민국 만세 ㅠㅠ
16,180석,크크크 젠더 이슈는 하나도 안 다루네. 이런 꼰대들이 아직도 20대 30대 정책을 논의하고 처하고 있으니 민주당이 답이 없는 거
17,정책,20대한테 참으라 노력하라 30대한테 견뎌라. 그런 말 그만하고 소통하고 제발 시원하게 개혁 좀 해라!
18,생각,이낙연 이 당을 다 말아 먹었습니다. 초선 중심으로 개혁파 의원으로 당을 개편해야 합니다.
19,여성,박시영 감 떨어졌네. 협치 운운하지 마시고 왜 180석 가지고 지리멸렬했는지 생가 좀 해 보소. 아직도 페미 타령하네.
20,정부,중진 지혜 같은 소리 하네. 여태 중진이 초선 눌러서 개혁 안 되고 선거 망했으면 양심에 찔려서라도 중진은 빠져
21,진보,대한민국 국민은 지금 답답함을 느낀다. 강한 리더십이 필요하지 협치는 절대 안 된다. 보수로 가면 보수 프레임에 끌려가는 것이다.
22,안진걸,공정성입니다. 20대는 여성이 대만 있는 것도 문제?
23,청년,제일 큰 문제가 지금 말씀하신 1가구 1주택 소유자에 대한. 민심을 제대로 못 읽었다는 게 패인 서민 민심 세금!!
24,정신,"초선 5인, 나중에 선거 지면 문 대통령도 팔아먹을 인간들이다. 너네가 국 힘이라오 다른 게 머냐?"
25,지지,민주당이 2030 지지를 얻으려면 거짓 뉴스와 언론 선동을 해 거다. 2030이 스스로 깨닫는 수밖에 없는 듯
26,대통령,초선 의원들 어디 감히 조 국 장관님과 박 시장님에 대해 입을 대는 거죠?? 당원들을 뭐로 아는 거예요? 어디서 역겨운 정치지만 배워가지고
27,포털,민주당 중진들과 신문들. 절대 나대지 마라. 초선들 젊은 의원들 국민 공감력 높은 의원들. 밀어줘야 한다.
28,말고,X 잘하는 정치한 것들 치우는 방송으로 거듭나면 박시영 방송은 오래오래 다음 민주 세력 정권 만들었다 내가 칭찬하마!!
29,많이,홈 쇼핑처럼 진보 채널을 만들면 유튜브를 보지 않는 국민들이 보수 채널만 보고 있습니다. 이분들을 진보 채널로…….
30,조국,20대 남자가 말하길 남자부 안 만들어줘서 남 경찰 5여 경찰 5로 해서 70 찍었어요. 오세훈처럼 내년에 박든 해가 대선 나와도 찍을 건가?
31,대표,이삼십대 남자는 민주당의 페미 정책 퇴출 없이는 절대 돌아서지 않는다는 것만 명심하세요
32,대한,협치 필요 없습니다. 180석으로 개혁 입법 다 통과해야 함 기본소득도 통과합시다
33,남자,민주당 모든 의원이 황희 두 임을 모셔서 특강을 지속해서 들어야 합니다. 저도 황희 두 임 얘기 듣고 많이 청년 시대들 이해됨!!!
34,정치,어중이 떠 중 이들한테 공천을 너무 많이 줬습니다. 다음부터는 개혁 성향에 대해 검증을 해야 합니다. 초선 5 작은 아주 비열한 것들입니다.
35,보고,이삼십대 남성 다 돌아선 마당에 아직도 여성 타령하는 멍청한 권 모 씨 같은 부류들 전부 치워버리지 않으면 앞으로도 답 없다
36,방송,2030으로 묶는 거 보니 정신 못 차렸네! 2030 남자들의 압도적 국민의 힘 몰표가 무얼 말하는지 파악해라 쯧쯧
37,이삼십대,언론개혁 없이는 민주당의 미래는 없다. 첫째도 언론개혁과 둘째도 언론개혁 이것만이 민주당이 살길이다.
38,오늘,언론 개혁하지 마세요. 그냥 언론사 정기 세무조사나 하세요. 그게 언론 개혁이에요
39,정권,체계적이고 방대한 빅데이터를 통해 대응해야만 가능합니다. 온라인상에서 시민 언론의 파워를 키워야만 합니다. 강력한 포털.
40,소장님,차라리 잘 된 거예요. 민주당 너무. 자만 오만해서. 당했네요. 대선 전에. 정신 좀 차리자. 민주당아. 지지자들. 화병 난다. ㅠㅠ
41,총선,엘시티 40억 부동산 업자 강남 30억 부자들 이런 사람이 어찌 서민들 맘을 알까요? 서울·부산 심각합니다
42,30,"이번 패배는 더 민주의 180석이 보이지 않고, 더 민주가 개혁을 추진하는 것 뭐가 있는가? 이낙연. 김태년 등 지도부가 다 망쳤다."
43,협치,박시영조차 꼴 페미와 나머지를 11로 보고 있네! ㅋㅋㅋ 대단하다
44,뉴스,언론 바우처 제도... 꼭 되었으면 합니다!!! 국민들에게... 언론의 기사 참여할 수 있는 공간을 주세요!!!
45,이낙연,박시영 대표 오늘 좌담회를 꼭 민주당에 꼭 전달하고 한 번쯤 민주당 정책을 해보세요. 제발 꼭 한번 들어보세요
46,마음을,2030 여성들만 만나 지 말고 남성들에 관심 가져야
47,커뮤니티,"박시영 씨, 세 습기 족벌 언론들이 기 토질서부터 깨뜨리는 데 뭔 질서?? 선생지령 최강욱 안으로 언론부터 작살 내야 해 백약이 무효여"
48,아직,페미가 문제라기엔 LH 사태 터지기 전까진 박영선이 우세했었죠. 곤 두 박 질 친 거 정확히 LH 이후였고요.
49,앞으로,이재명 그리고 현재의 민주당이 지금의 현실을 욕망이라고 깎아내린다면 다시 암울한 10년 이 올 수도 있다고 생각한다.
50,국지,민주당 분명 협치한다고 하다가 말아 먹을 거다. 주차 문제 같은 국민 피부에 와닿는 법 좀 만들어라
51,내년,대검 언론 개혁 조용히 밀어붙여서 통과 빨리 시켜라
52,저도,제발 민주당 의원님들 박시영 대표 말 대로만이라도 하세요.
53,근데,냉정한 분석으로 언론도 문제입니다. 편파 보도는 확실히 더욱더 심하게 했다는 것!
54,보수,뭘 얻습니까? 저들이 정권 잡으면 어찌 되는지 경험해 보면 되지요. 눈에 보이는 언론에 속은 머저리 같은 사람들이니까요.
55,것도,2030 초선 의원들의 의견문은 자질 부족이 나타남.
56,이재명,단순합니다. 일반 시민들은 총선 때 코로나 대처 평가로 엄청난 기대를 하고 긍정적으로 표를 던졌는데 진전이 없으니 속았다고 생각하는 겁니다
57,유튜브,오늘 방송에 정답이 다 있네요. 과연 당 지도부가 이대로 할지? 갑갑합니다 아직 정신 못 차린 민주당이죠
58,세력,아직 정신 못 차린 사람들 많네 ㅋㅋㅋ 제발 내년까지 이렇게 가주길
59,여자,20대 남자 개무시한 고일석 기자하곤 앞으로 손절매하시죠
60,내가,마음을 얻으려면? 위에서부터 전부 대가리 밖 고 제대로 싸울 자신 없는 놈들은 까불지 말고 사라져라. 개혁 막고 있는 너희가 적폐야
61,세대,야당도 야당 나름이지 요 협치할 인간들하고 해야지 부동산 투기 세력 사기꾼들하고 뭘 해?
62,일반,무엇 때문에 낙선했는지 모르겠어 부동산이라고 60 프로 국민 죄인 취급 해서 토지와 주택은 삶의 근본아 보잘것없는 나하고 통화 원하시면 언제든지
63,TV,아직도 정 경심 교수님만 생각하면 가슴이 아픈데 미친 초선들 진짜 어이없다.
64,1년,"20대 없는 20대 토론, 일반 시민인 척하는 20대 당원 인터뷰이 딴짓 좀 안 했으면 좋겠네요"
65,알고,초선의 윈드 과연 진짜 자기 생각일까요? 제발 소신 건 발언해주세요. 그게 진심이라면 더 더불어민주당에 기대할 게 없네요. ㅠㅠ
66,세금,이낙연과 그 떨거지들은 인제 그만..... 개혁적 지도부 원해요. 성남시 아웃!!
67,코로나,이소영 의원 JTBC 인터뷰 보셨나요? 크크크 뒷북 맞습니다. 선거 이후 크게 웃었습니다.
68,좋은,아직도 헛다리 짚고 있네! 페미 때문인 걸 누구나 아는 데에 휴 그냥 대선도 내줘요. 그냥 답답
69,시민,이재명과 호흡을 맞출 수 있는 지도부로 결성되어야 열린 민주당과 합당해서 최강욱 의원을 당 대표로 해서 강한 민주당 만들자
70,적폐,초선은 완전 또 록이 짓을 하고 있는데 이 사람들 어떻게 해야 하나요?? 뒤통수를 아주 제대로 치네.
71,없습니다.,협치는 무슨 눈치 보지 말고 국민만 믿고 가라니까
72,관심,초선 5인 벌써 대선 줄 서기 한 감각적 느낌! 어디에 줄 서나 예의 주시하렵니다.
73,특히,박시영 대표와 민동기 기자는 평론에 논리가 있고 설득력 있네요. 분석에 공감합니다.
74,못한,당 대표 세 분보다 더 젊고 참 신 개혁 주자 차세대 필요합니다
75,이미,"일자리 창출 능력 없는 것 이미 확인했고, 국민 상대로 구라 그만 치고 기본소득제나 준비해라. 어떻게 하나하나 이야기를 해줘야 하냐?"
76,최고,민주당은 개혁하지 못했다. 지도부는 협찬하려고 대표됐느냐 윤석열 하나 잡지 못하고 끌려다니고 사법부 판결에도 뒷걸음치고
77,프로,초선 의원분들한테 이견 피력하려면 뭘 어떻게 해야 할까요? 이런 반응조차 모르고 계신 건 아닌지 실망 대실망입니다. ㅜ
78,말씀,원 대표 윤호 중 박완주 김경협 좋습니다. 초선 젊은 차세대 의견 존중해야 합니다
79,ㅠㅠ,문제는 민주당이 총선 승리에 자만에 빠져 노 대통령 아픔을 다 잊고 또 그 길로 가고 있음을 망각하고 있다는 것
80,아무리,"서민들의 수호천사, 안진걸 소장님 항상 감사히 생각하고 존경하고 응원해요"
81,LH,박근혜 이후 우리 국민은 여성 리더를 기피하는 것 같아요
82,노무현,180석 가지고 제대로 일 못 해서 진 거다. 개혁 밀고 나가자!!!
83,하태경,제 아들이 23세인데 성 피해를 보면 너무 여자 편을 든다는 겁니다. 남자는 설 곳이 없다. 박원순 시장을 보고…….
84,시장,"김어준, 박시영 너희 잘해라!! 한때 팬이었지만 지금은 지켜보는 중이다."
85,2.,언론이 관심을 안 주는 데 누가 알 구 있습니까
86,열린,남 탓하지 말고 무능한 민주당 지도부를 감싸고도는 유투 번들 정신 차리 시고 수박들 색출해 수시로 명단을 공개해 경고하세요
87,결과,언론들 오세훈 비리나 파헤쳐 보니? 말도 안 되는 시장이 해야 할 일 당연히 하는 게 무슨 기삿거리가 돼?
88,박영선,"20, 30 맘 다시 얻으려면 당신 같은 사람들이 정치판에서 사라져야 함"
89,장관,음주 범죄 심신미약 감경 말고 음주 범죄 가중처벌 입법하라고 민주당에 전달 좀 해줘요. 추진만 해도 지지율 5. 입법하면 10 오릅니다.
90,3.,정부 광고 수주 1위 3위 조중동 특히 1위 조선 일본 3천억 4년간 장난하냐? 기재부? 외국으로 수출된다는 조중동 폐지에 이게 말이 되냐?
91,없이,징벌적 손해 배상 법도 일단 만들면 안 될까요? 네이버 뉴스 금지법도요. 180석 거지고 뭐 하냐고 요 ㅠㅠ
92,중요,내가 지지하는 당이지만 이번 완패는 치욕적이다. 180석으로 이룬 게 없다
93,촛불,가짜 뉴스 대응 민주시민 변호사 포함 팀을 만들어야 해요. 가짜 뉴스 나오자마자 고발하는. 가짜 뉴스 전문 유튜브 만들어요.
94,추미애,홍철 없는 홍철 팀도 아니고... 제발 20대 표심은 20대 불러놓고 하세요. ㅜㅜ
95,지도,보편적 지원금 이것이 패착 20대 새 각 단순
96,여당,이낙연 김진표 제발 헛발질 좀 그만이시고 너무 신중히 하다가 다 놓친 다 김진표는 목사들 세금 철회 이낙연 박근혜 사면 이런 소리? 진짜 짜증
97,지역구,아들들이 그동안 진보 성향이었는데 부동산으로 인해 꾹 힘으로 갔습니다.
98,말하는,잘못도 없는데 사과하면 잘못이 있는 것으로 인정하는 꼴 초선 5인방의 돌대가리들
99,듣고,피해 의식? ㅋㅋㅋ 너넨 내년에도 대선 못 이기겠다.
100,필요,넓게 보지 말고 지켜보지 말고 깊게 보지 말고 180석 가지고 행동하시라.. 제대로 법을 만들기를….
101,40대,이삼십대 남자들 잡고 스윙 보터 잡고 찐 지지자는 다 잃어라
102,해결,"초등학교부터, 고등학교까지 현대사 교육을 똑바로 못한 결과가 이번 선거 결과입니다. 교육과정이나 손보세요. 미얀마 꼴 되는 거 순식간입니다."
103,후보,초선 2030 왜 이러나…. 이렇게 제목을 달았으면 말 한마디라도 해야 할 것 아니냐
104,기사,정도로 가라. 제대로 해라. 개혁. 적폐 청산.
105,인간,초선 5인방 오영환 장경태 이소영 전용기 너희들 딱 봐뒀어!!!
106,야당,시민기자들의 단편 뉴스들을 취합해서 매일 정규 방송 9시 뉴스처럼 편집해서 올리면 좋겠습니다
107,국회,전국적인 2030의 고문단을 꾸려보는 것이 어떨까요? 그들의 이야기를 듣고 정책 수립을 할 수 있는 고문단이요. 연령대별 고문단!
108,서울,벌써 광화문광장 재정비 막을 듯한데... 이 와중에 김 모 전 민주당 의원은 또 조국 타령…….
109,그만,이 논의를 총선 때 했어야지 이제 와서 발 등에 불 떨어진 것처럼 하면 2030이 마음을 돌립니까?
110,반성,집토끼만 잘 지켜주세요. 잘할 방향은 개혁 화끈하게 잘하면 됩니다. 그동안 답답했어요
111,5인,국민의 힘처럼 조직적으로 나가야 합니다. 이재명 지사를 중심으로 조직적으로 뭉쳐야 삽니다
112,이준석,좋은 말씀 많이 하시네요. 더 민주는 귀담아들으시길 바랍니다. 그리고 브리핑 김한규 대변인 하면 잘할 거 같아요
113,분석,초선이라는 바둑돌을 둔 보선 패배의 책임자를 찾아내야 합니다. 그놈이 해를 손으로 가리려는 연막 질을 하고 해당 행위를 한 놈입니다.
114,ㅋㅋㅋ,검찰은 왜 늘 진보 측 인사들을 기소하려 안달인지.....?! 이런 문화? 가 바뀌려 나 수사권 분리가 완벽히 토착되어야겠지...
115,댓글,"민주당 지도부 자체를 잘라야 하는데, 무슨 제목이 이래? 박시영 호남 출신이라는 티 계속 낼 거냐?"
116,크크크,을지로 위원회가 뭐 하는지 모르는 사람들이 태반입니다. 알리는 것도 중요합니다
117,정도,민주당 너무 감싸지 마시고 수박들을 색출에 명단을 공개하세요. 박시영 님
118,하세요.,극우 유튜브와 달라야 합니다. 우리들끼리 시시덕거리지 않고 정치권에서 놓치기 쉬운 공론화 과정을 담아내는 TV가 되었으면 하는바 램입니다.
119,토론,LH 문제를 구조적 문제의 한계였다는 말에 한숨이 나왔음. 그 구조 바퀴라고 입법 행정 권력 준 거거든
120,젠더,이 토론 들어보니 결론은 없고 그냥 자기들 하고 싶은 말만 하고 있네.. 쯧쯧쯧 페미는 정의당 주고 민주당은 공정으로 가자.
121,마당,초선 5명 섭외 한 번 해주세요. 채팅창으로 아작을 내버리게.
122,정당,민생! 코로나로 지쳐 있는 서민들에게 보편 지급 돈 좀 풀었다면 ㅠㅠ
123,패배,안진걸 소장님 안 중근 독립투사 이상입니다 정말 파이팅이고 우리에 희망입니다
124,법을,방송 들어보느냐고 했음이 없네요. 대선 어렵겠네요
125,관련,민생경제 안 소장님 같은 분들이 국회에서 일하면 참 잘하실 것 같아요
126,원인은,하아.... 초선................ 할 말 없.. 사리 분별이 이리 안 되어서야. 대치어 없음
127,수도,"이런 분들이 안 보이는 게 20, 30 마음을 그나마 잡는 겁니다"
128,티브이,내가 집권 세력과 같이 한다고 내가 집권 세력과 타협하는 것들은 유튜브 언로를 조작하는 짓!!! 하지 마라!!
129,전에,지금 민주 국회 아이들은 도대체 머 하고 있는지
130,박근혜,안진걸 소장 정말 응원합니다. 이런 분들이 국회로 가야 하는데
131,가짜,적폐 청산 하라니까 적폐들이랑 논의한다고 놀고 있으니 사람들이 같은 적폐로 보는 거지
132,여론,안진걸 소장이 영웅이고 어려운 서민들에게는 꼭 필요한 존재입니다. 힘내세요
133,거예요.,초선 제기랄 양쪽 진영에 불난 집 기름만 붓는 꼴
134,저는,초선 애교 너그럽게... 하아 부탁하지 마세요. 거부합니다
135,그렇,초선 5적 이것들 그냥 두면 안 된다. 구독하는 게 이 소영뿐이라 할 수 있는 게 별 없지만 이런 것들이 박용진이나 김혜영 금태섭으로 되겠지
136,함.,누가 말하던지 협치라는 건 개소리라고 본다. 협치 협치하다 오늘날 요 모양 요 꼴 됐다
137,찍은,이런 얘기 할 때 민주당 국회의원 하나쯤은 나와서 들어라.
138,이야,끼리 까리 뺑 끌 뺑 끌 완전 짜증. 문제의 당사자를 토론시키지
139,서민,민주당 윤석열 공무원 하나 처리 못 하고 1년 동안 매일 공무원이 항명하는 뉴스만 봐야 하나?
140,1.,민주당 하는 꼴이 열린우리당 시즌 2임 사면부터 사과까지 지지자들 뒤통수 총을 갈기에 정말 미쳐 돌아가네 한심하다 쌍욕이 너 오네
141,10,안진걸 소장 통찰력이 대단하다... 내가 답답했던 심정을 너무 잘 표현해 주셔서 감사하다…….
142,사태,조선족 절대 섭외하지 말아 주세요 방송 나오는 순간 뒷골이 당길 것 같아요
143,이소영,180석 가까이 되니까 욕먹는 건 필연이니 확고하게 좀 나가 주세요. 미디어 바우처 빠른 실현 부탁드립니다.
144,차리,민주당에서 이번 전당대회에서 최고위원을 중앙위원회에서 뽑는다고 합니다. 이런 말도 안 되는 일에 대해서 어떻게 생각하십니까?
145,조중동,독재의 후 예 정당을 운운하며 과거의 잣대로 현재를 바라보는 내용을 들으며 민주당은 앞으로도 가망이 없겠다고 하는 낙심을 해봅니다
146,보편,"조국, 추미애 장관님의 헌신을 잊어서는 안됩니다."
147,그걸,20·30세대 맘을 꿰뚫어야 희망을 보이게 해야 합니다
148,그나마,긴말 안 하겠다.. 민주당 의원. 청와대 간부들은 자폭하라.. 짜증 나서 못 참겠다.
149,못하,딱 말한다. 페미 손절매 없으면 72가 82되고 92되는 마법 보여준다.
150,비리,의원들 번호라도 알려주세요. 성질나는데 문자라도 남기렵니다 내 참 어이가 없어서
151,투표,그 소중한 조선일보가 소중한 이재명 결혼기념일 측하고 기사까지 며칠 전에는 소중하게 띄워주는 건 뭘까요? 참 의아하더라고요
152,4.,"일일 공개 브리핑 완전 찬성!!! 이 왕이면 얼굴 정말 되는 한준호 의원이 하면 진짜 좋을 듯. 아나운서였으니 발음, 전달력은 당연히 좋고."
153,투기,당내에 부끄러운 줄 모르고 설쳐대는 수박들 번 듯 시 처단해야 함 지금 당장
154,사면,박형준 오세훈 조사받을 거 같아 요에 제 와이티엔 뉴스타파 기자가 박형준 비리 팩트 체크
155,이슈,"이낙연이가 말아 먹은 거지.. 욕심부리면서 죄 다 제가 가져가고, 가는 데마다 초토화하고 있다고"
156,보증금,시민 포털 합시다!! 뭐든 해봅시다!! 우리가 뭉치고 홍보하면 되잖아요
157,상황,다양한 의견을 듣고 희망보다는 작은 사실이라도 근거를 기반으로 주장합시다. 확증 편향은 모두를 병들게 합니다
158,50,조국을 지켰어야 나라가 사는 거였지요... 거기서 이미 끝났던 걸 알면서도 모른 척 넘긴 게 진짜 화근이 된 겁니다!
159,황희,수박 오인 방을 반성할 때까지 진보 유튜버들께서는 지속해서 거론하시기 바랍니다
160,파이팅,민주당 영원한 야당 안 될 여면 나이 많은 꼰대들 전부 물갈이해야 합니다. 여당에 적응 못 하고 있다는 분위기 듭니다
161,이게,황희 두 같은 헛소리만 하는 애 그만 만나고 한 난 시사만 나라
162,지급,우리 진보 대학생들 파이팅해 주어야 합니다!!!
163,어디에,중진 실드 고만해라 간 쓸개 다 빼준 지지자한테 꼰대질 좀 하지 마라
164,민심을,"박영선, 김영춘 후보님들 정말 수고하셨어요. 1년 후 다시 출마하면 어떨까요?"
165,주변,박영선 너무 고생하셨어요. 잘하셨어요. 다음에 꼭 시장으로 다음 대권으로
166,권력,안질 걸 소장님 말씀에 위로받습니다.. 감사합니다!
167,민동기,"20, 30대의 이 중적 가치 기준을 깨달으시오. 공정은 개뿔! 비리나 도둑질해서라도 돈을 더 벌면 그게 곧 가치라는 것 아닌가요?"
168,중에,엄중히 신 중 절차대로 하세요. 정권교체도 절차대로 하세요
169,피해,안 소장님 정말 아무리 참으려 해도 눈물 아닌 피눈물이 납니다.
170,규제,"내리막이 있으면 다시 오르막이 있는 법, 예방주사라 생각하고 힘들 냅시다."
171,거라,만이라도 리더가 없어서 어영부영 하면 대선 지는 건가요 요요 요요 요요요
172,뭐가,"황희 두 위원님, 이선옥 자가 님 얘기 민주당은 주기적으로 특강을 들어야 할 듯 그분들 정확한 진단들이 심!!"
173,어차피,물에 물 탄 듯 술에 술탄이듯.. 민주당 망한 다 정신 차려라
174,수가,오영환이 수영장 경태 장 철만 전용기 이것들 키우냐고 정치 자영업자들 고생 핵 건만 ㅋㅋ
175,지원,하루빨리 열린 민주당과 통합하라 미루지 마라. 나 주 나중 핑계에 불과
176,소리,민주당은 주접 떨지 말고 그냥 열 만당이 하자는 데로 거수기만 하면 돼요…….
177,답이,장경태한테 후원금 보냈는데!!! 오늘 진짜 열 받네요. 후원금 돌려받게 전화번호 아시는 분 알려주세요
178,말을,정신 못 차린 거 같은데? 이러면 또 져 ㅋㅋ
179,눈치,안 소장님 오세훈의 거짓말은 영원히 역사에 기록되어 그의 자손만 대에 치욕을 겪게 될 것입니다.
180,이후,부산 LCT를 저쪽에 잇는가 보고 뷰 탁해서 공동사무실 폭파 잘 하더니만
181,얻으려면,박영선이 당선된다며? 은퇴해라 여론 조사 전문가라고 할 수 있냐?
182,무능한,이런 방송 하면 뭐 하나요? 꽉 막힌 민주당 중진들에겐 씨알도 안 먹히는데…….
183,아닙니다.,1가구 1주택은 보호하고 주택 갭투자. 임대자 보호하는 것 폐지 할 것
184,의견,그런데 난 왜 민주당보다 국지 마당이 더 강해 보일까...... ㅡㅡ
185,얘기,앞으로 민주당은 좀 낮은 자세로 겸손한 마음가짐으로 다시 시작하면 됩니다
186,분들,민주당이 할 일을 유 튜브들이 하고 있으니 갑갑하면서도 다행이기도 하고 어 휴 ㅋ
187,주세요,이소영 장경태 여기 패널로 나왔던 분들 아닌가요? 내 참 어이가 없어서 다시 섭외해주세요
188,목소리를,집토끼나 잘 챙기라 해 희망 회로로 유튜브 장사하는 것들 퇴출
189,시작,택배 차량 못 들어가게 막는 아파트는 아파트 입구에 그냥 두는 거지. 택배 없이 며칠이나 살 수 있냐
190,대출,오세훈은 거짓말도 천벌 받을 일인데 셀프 보상은 절대로 용서하면 안 됩니다.
191,참패,처음부터 죄가 없었다 윤석열 일당들이 만든 것 아닐까?
192,보지,잘못된 것 철저한 경청 윤곽 설계 토론 사공이 입만 동동 오합지졸
193,해요.,북한에는 위안부 피해자 없나요. 왜 조용하지요
194,안철수,영상 제목하고 내용이 다르네! 여전히 뜬구름 잡고 있다. 뭔 놈의 TF는 만들기만 하지 뭐
195,등을,후보가 확실하면 진심은 통한다. 안 통하는 먹통까지 신경 쓸 건 없고.
196,현실,"속상해서, 코피 터졌나 봅니다 저도 혈압 터지는 줄 알았습니다. 다시 기운 냅시다"
197,게임,"오세훈의 비리 숨기고 살았겠지만, 하나님이 용서하지 않아 그 죗값을 크게 받을 것이다."
198,"2,",이럴수록 더 힘내서 싸워야 합니다. 항상 이길 수는 없는 겁니다. 지면 다음에 이기면 됩니다
199,윤석열,작은 집을 만들자 요 제발 우리나라 땅도 좁은 데 집들이 너무 커요. 핵가족 시대에
200,것처럼,착한 안 진걸 용감한 안 진걸 정직한 안 진걸 순수한 안 진걸 의리의 안 진걸 항상 응원합니다.
201,잘못,긴 경험이 같은 놈이 나오면 민주당 폭만 한다고 확신한다... 복창한다….
202,김어준,민주당도 오세훈 고소 취하하면 절대로 안 됩니다. 취하하면 집토끼들 다 달아납니다.
203,것으로,싹 수가 노란 것들은 미리미리 싹을 잘라야 됩니다.
204,말아,광주민주화운동이 왜 일어났는지 민주주의 교육부터 똑바로 해야 하는 겁니다. 애들이 무슨 수로 그런 것까지 알겠습니까.
205,이기,ㅋ 고현준 기자님 어머니부터 계몽해 봅시다!!
206,통과,민주당 서포터 한다는 당 신부 터 개념이 부족한데 뭘. 크크
207,힘을,소통하라고 하는데 거기 출연자부터 소통 좀 하시지
208,일베,듣기는 속히 말할 가는 천천히 비난 비판보다 경청.
209,정의,계속 이길 순 없다. 아쉽지만 이번엔 잘 졌다.
210,걱정,진짜 민주당 제대로 각성해서 대권 화끈하게 가져오자!!!
211,기자,오세훈이 국무회의 참석하는 상상 하면 피가 거꾸로 솥 음
212,집단,"박시영 님 방송 늘 잘 듣고 있습니다. 이미 40대 초반을 향해 가는 30 후반입니다만, 이삼십대 남성들의 분노가 어디로 향해 있는지를 좀 제대로 봤으면 좋겠습니다. 가짜뉴스 문제나 커뮤니티의 일베 화로만 일반화할 게 아니라 왜 분노하고 있는지를요. 틀린 말씀은 아닌데 더 파고 들어가 봐야 한다는 겁니다. 개인적으로 황희 두 님이 커뮤니티의 일베 화... 비슷한 뉘앙스의  말씀을 하신 거 같은데 맞는다면 굉장히 우려할 만한 시 선입니다. 그렇게만 봐야 할 문제가 절대 아니라는 겁니다. 이번 선거 연령대별 통계상 18세, 19세, 20대 남성의 7할이 넘는 이들이 국 힘을 찍었다는 얘긴데 이 7할 이 다 일베 화 되고 보수화돼서 국 힘 찍었을까요? 너 왜 국 힘 찍었어!! 하기 전에 왜 찍었을까? 노 바라봐야 합니다. 우리 집에도 20대 초반의  대학 새내기 남자아이가 있기에 말씀드리는 겁니다. 어찌 보면 단순할 수도 있는데 이것저것 쌓여서 민주당은 싫어. 심판해야 해. 쉽게 말해 너희 엿 먹으라고 국 합니다 찍은 심리가 클 거라고 보거든요. 마치 과거 미국 대선에서 힐러리가 싫어서 반대급부로 트럼프 찍은 유권자들처럼요. 그럼 그 쌓인 게 뭔지를 제대로 들여다 봐야죠. 그 나이대 청년들, 특히 남자애들 얘기  들어봐도 이 나이대에서 젠더 이슈가 매우 커요. 제발 아셨으면 합니다. 과도한 여성우대 정책으로 인한 남성 역차별 논란이 공정과 불공정 논란으로 이어지는 거라 반박하기도 어려워요. 또한 채용이나 각종 대회 혹은 공모전에서 여성 가산점이 있습니다. 물론 적용 분야는 한정되어 있지만, 여성들은 남성들이 군 복무 할 동안의 시간이 당연히 더 있으니 먼저 졸업하여 먼저 취업할 기회가 있습니다. 그런데 여기에다 여성 가산점이라는 혜택을 더 줘 버리니 안 그래도 이미 군대에서 무게 추가 기울었는데 더욱더 기울어지는 겁니다. 현재 40대 이상 분들이나 적게는 제 정도 나이대까지야 어릴 때 집에서 아들이라고 귀여워 떠받들어지고 그런 거 있었겠죠. 근데 요새 아들이라고 어릴 때부터 집에서 그런 거 있나요? 오히려 역차별 안 받으면 다행이라고 여길  정도인 판인데요. 현대 20대 남성 청년들의 정서는 혜택은 너희가 다 누리고 왜 희생은 우리만 떠안으라는 거냐? 이겁니다. 어제 개표 방송에서 김용민 PD 출연하셨을 때 이미 말씀하셨고 다른 채널이지만 이동형 작가도 비슷한 뉘앙스의 방송을 했는데 새겨들어야 할 말입니다. 이준석이나 하태경. 말만 앞서고 실제로 하는 건 있는지 없는지도 모릅니다. 하태경 국회 정체 카라고만 검색해 보셔도 어떤 내용인지 아실 거예요. 근데도 떠받들어지는 이유? 그들이 쇼던 뭐든지 간에 청년들의 말을 일단 들어주려고 한다는 부분에서부터 점수를 따고 들어간다는 거예요. 청년들이 바랬던 게 되든 안 되든 그건 이차적인 문제고요. 청년들이 하태경이나 이 준석이 말만 앞선다는 걸 모르고 그러는 게 아니란 얘기에요. 그 청년들 그렇게 바보 아닙니다. 해당 이슈가  해결되지 않았어도 청년들은 자신들의 의견과 이야기를 들어줄 통로가 필요했단 얘기입니다. 저 두 양반을 개인적으론 아주 싫어하는 정치인들인데요. 민주당 내에서 저런 쇼라도 할 수 있는 의원이나 당직자가 한 명이라도 현재 있나요? 잘 모르겠네요. 솔직히 안 보여요. 이상헌 의원님, 유동수 의원님. 게임에 관심 많고 힘쓰시는 거 권리당원인 저는 알죠. 근데 대중들,  청년들은 잘 몰라요. 오히려 청년들에게 각인된 건 이젠 전직인가요? 지명직이었던 박 모 최고위원의 지극히 레디컬 페미니즘에 가까운 멘트들. 그리고 여성군 복무에 대한 답변들... 그런 것들이 박제되어 여기저기 떠다니죠. 그리고 비례대표권 모 의원처럼 안 해도 될 말을 SNS에 남겨서 구설수에 나 오르고요. 뭘 저런 거 가지고…. 라고 하실 수도 있겠는데 그  정도로 민감들 합니다. 원래 사람이라는 게 하나가 수틀리기 시작해서 맘에 안 들기 시작하면 뭘 해도 다 마음에 안 드는 게 심리라서…. 대선 전에 그나마 이렇게 회초리 한 번 제대로 맞았으니 오히려 다행이라 생각합니다만, 근본적인 문제를 제대로 분석하여 해결할 수 있을지는 솔직히 모르겠네요. 저는 이걸 정확하게 보고 도려내지 않는다면 내년 대선이나 지선이 훨씬 더 우려스럽다고 봅니다."
213,표가,"어제 나름 설마 서나마 혹시나 했지만, 20시 15분 출구조사 발표 전까지 박시영 티브이 개표방송 1부 패널분들도 그렇고, 저도 그리 나쁘지 않게 본 입장에서 20시 15분 출구조사를 보고 무슨 잘못됐나 싶어서 보고 너무 놀랐다가 20시 30분 이후로는 롯데 NC 야구로 돌렸고, MLB 안 가고 남은 나성범의 6타점 역전승으로 그나마 멘붕을 약간 만회했지만, 박시영 티브이 보기 전까지 네이버 뉴스 섹션은 안 보고 버티느라 힘들었네요. 방송 오디오 온하기 전에 할 말이 없어.. 전략의 부재야 등등의 속마음 나오시다가 끊기긴 하던데 그게 오늘 방송 나오신 박시영 고현준 민동기의 본심과 지지자들도 크게 다르지 않다 봅니다. 오늘 방송 인트로부터 대표님 서울을 구하자 토론회 관련 조사받고 오셨다는 말씀 자체부터 마음이  아프네요. 의 율의 결과를 떠나서 저도 지난 주말 이후 분위기가 오차 범위 밖에 국 힘이 앞선다는 말을 듣고도 설마설마했지만, 결론이…. ㅠㅠㅠ 정제되지 않은 발언을 해서 죄송하고, 패배의 아픔과 책임감을 느낍니다. 신중한 처신을 앞으로 하겠습니다.'라는 대표님의 말씀이 죄송해하실 사안이 아닌데 듣는 내내 제가 더 죄송했네요. 대표님 말씀처럼 선거에 그냥 패배도  아니고 대패한 이후에는 온갖 백가쟁명식의 극단적인 주장이 난무하기 마련인데 어쨌든 박영선 후보가 늦게 트랙에 탄 상황이고 그렇다면, 당 차원에서 준비해야 할과 제나 캠페인이 있는데 박영선 후보 홀로 외롭게 고군분투한 선거임에 틀림없어 보이긴 합니다. 대표님 말씀처럼 아직 4년 차 고 얼마든지 성과를 낼 수 있다고 생각합니다. 물론 전제는 하기에 따라서죠. 이제  뚝방 뚫렸다고 생각하는 보수 언론은 협치 노래를 계속 부를 겁니다. 대표님도 여론조사 공표 금지 기간 또박또박 2씩 좁히겠다고 했던 박영선 후보 호언장담과 달리 결과가 이리 나와서 너무 황망합니다. 그래도 민주당은 강하다! 는 말씀, 전제가 정신을 차리면 이라고 깔리긴 하셨지만, 대선은 이겨야죠. 당장 중앙 정부 못지않게 지방 정부의 회 권력도 막강한  상황에서 결국 질서 있는 변화가 정말 중요하다고 생각합니다. 100일 전투의 심정으로 7말 8초 휴가 기간 즈음 뭔가 전투의 심정으로 혁신하면 분명히 울림 있는 결과가 나오리라 생각합니다. 진작 했어야 했던 중진 초재선의 모임이 인제야 활성화된다는 건 많이 아쉽기는 합니다. 기강규율 리더십을 비대위가 아닌 번듯한 원내대표 당 대표를 앞세워서 대선 대비했으면 합니다. 노무현 정신을 언급하지 않더라도 농부는 밭을 탓해서는 안 된다고 생각합니다. 오늘 박영선 후보님의 소감은 방송 보면서 찾아봤습니다. 많이 울고 싶지만, 울어선 안 된다. 제가 부족했고 바꿀 점이 많다. 3월 8일 광화문에서 다시 만나자.'라는 말씀은 정말 울림이 있는 자구네요. 민주주의를 지키기 위해서... 원내 대표 선거는 윤호중 의원이 앞서 있는  것 같은데 대중적 이미지를 당 대표가 가진다면, 원 내 대표는 내 공 있고, 힘 있는 의원이 하는 조합도 나쁘지 않다 봅니다. 대표님 말씀처럼 당 대표 선거에도 대 중에게 스타 덤 있는 정치인의 과감한 도 전도 응원합니다. 당장 저도 제일 걱정되는 것이 이미 제 지인이나 커뮤니티에서 언급되는 열린 민주당 시즌 2입니다. 열린 민주당은 물론이고 함께 할 세력을 최대한 모아 야할 것이지만, 상임위가 아닌 소모임 스터디 식으로 초재선 의원들이 치열하게 논의하는 장이 중요하죠. 최민희 의원님이 방송에서도 말씀하신 과 방위원장을 대표님이나 고 엠씨가 누군지 몰라서 찾아보는 이런 국회가 정상적인 상황은 아니잖아요? 대표님 말씀처럼 의제를 너무 많이 만들면 붕 뜨고, 배가 산으로 갑니다. 결국의 제 관리의 선택과 집중을 하고 성과를 내는 게 정말 중요합니다. 꼭 손석희의 뉴스 브리핑이 아니더라도, 오늘의 메시지 같은 형식으로 스피커 좋은 분들이 23분 식으로 짧은 영상으로 알리는 것이 중요하다고 생각합니다. 언론 환경이 안 좋고 척박함을 탓하기 떠나서 당장 의원님들이 SNS에 받아 쓰니 언론에서도 받아 쓰듯 열심히 일단 하는 것이 중요합니다. 저도 어제 개표 방송 1부 황희 두 이사가 말한 부분에  격하게 공감 했는데 여의도 레커차 의원이라는 비아냥을 들어도 하태경 의원이 2030에 어필이 되는 것이 최소한 들어주기라도 하는 행위를 하기 때문인데 바꿔 말하면 민주당은 이런 형식적인 모습도 보여주지 않았다는 것은 냉철하게 받아야 할 부분입니다. 개인적으로 어제 1부 황희 두 이사의 메시지나 페북 글을 보면 민주당이 어떤 식으로 2030을 관리하고, 그들의  아픔을 보듬어야 하는지 어느 정도 답은 있으리라 봅니다. 이준석 하태경이 아닌 김남국 김용민 이 2030을 대변하더라도 충분히 더 잘 할 수 있으리라 보는데 그동안 소위 말하는 당이라는 울타리가 이들이 마음껏 소통하고 뛰어놀 수 있는 여지를 묶은 건 아닌지만 시지탄이지만 아쉬운 건 어쩔 수 없네요. 민동기 기자님 말미 말씀처럼 일단 들어야 합니다. 당장 그것부터  시작하면 분명히 달라지고 바뀔 여지는 충분하다고 생각합니다. 오늘 1부 딱 58분이었는데 방송 자체를 해주신 것만으로도 정말 고 막습니다."
214,찍었,"민주당이 청년 세대를 대하는 방법 1. 철 지난 토크 콘서트로 청년당원 질의응답이나 받는 행사 우려먹기 전개. 이것으로 청년 소통이 된다고 생각하는 게 더 한심함. 민주당은 20·30세대의 진짜 문제를 마주할 용기가 없는 것임. 한 마디로 찌질한 거. 2. 국회의원이자 당 청년위원장이란 사람이 방역수칙을 더 기고 상대 당 청년정치인과 술자리. 나이 먹은 구태정치인과 다를 바 없이 음. 집합금지에 답답한 일반 20·30세대 입장에서 여당의 청년 국회의원에게 괴리감을 느낄 수밖에 없음. 여기서 이준석도 잘못했는데 왜 장경태만 비판하냐고 분노한다면 여전히 포인트를 제대로 못 짚은 것. 정부·여당의 문제를 돌아보자는 것이지 누가 더 잘못했느냐가 지금 중요한 게 아님. 게다가 둘 다 잘못한 것 맞지만 이쪽은 엄연히 정부·여당의 국회의원임. 더 비판받는 게 당연함. 3. 청년들 머릿속에 각인 될 만한 정책 선물을 단 하나도 마련하지 못함. 고작 데이터 몇 기가, 와이파이존 확대 제공이란 식의 공약이 180석 여당의 청년 정책 수준임.. 휴.. 이런 여우 같은 곰을 봤나.. 통신사의 불합리한 요금체계는 그대로 두고 고작 데이터 몇 기가를 지원한다니.. 체급에 안 맞게 소꿉놀이나 하고 있음. 과감한 정책 전환으로 203, 0세대에게 정치의 효능감을 맛보게 해야 하는데 정치의 배신만 맛보게 함. 반값등록금처럼 반값 청년 통신비 같은 걸 들고 나와야 하는데 체급에 안 맞게 놀고 있으니 정부·여당에 뭘 기대함? 180석은 관료와 대기업에 맞서서 그런 민생을 처리하라고 만들어 준 것이지 검찰 제압 못 하고 온갖 힘 다 빼라고 뽑아준 게 아님. 4. 페미니즘 정부를 표방해 놓고 성범죄로 인한 보궐선거 가 치러진 원인은 민주당에 있음. 이삼십대 여성 표심은 실망했고 기존 대비 절반의 표가 날아감. 이삼십대 남성 표심은 민주당을 경멸했고 70의 몰표를 오세훈에게 줬음. 이는 남성 세대의 반민주당이 가속화된 것이지 갑자기 보수화가 진행된 것이 아님. 이게 현재 페미니즘에 편승하고 역차별에 입 닫은 민주당의 행태를 바라보는 이삼십대 남성 세대의 인식임. 5. 박 시장 방패 의 기름을 부은 운동권 출신들의 입방정을 보니 더욱더 압도적으로 오세훈을 뽑아주고 싶게 만듦. 이건 태극기 부대가 최순실 사태를 부정하거나 보호하는 것과 본질에서 같은 논리임. 박 시장의 공과를 구분하자? 민주당은 박근혜 정부의 공과를 구분했음? 그게 선거 직전에 할 말임? 변명할수록 우스운 소리가 되는 거. 그저 뜻 맞는 사람끼리 조촐하게 공적을 기리면 될 걸  sns에 대놓고 박 시장을 보호하는 건 이번 선거 지자는 얘기나 다름없음. 20·30세대는 태극기 부대도 경멸하지만 권 출신들의 저런 심리도 동급으로 싫어함. 비슷한 예로 백신 수급이 문제가 된 상황에서 이인 영 장관의 북한 인도적 지원 발언도 현실과 동떨어진 안드로메다 발언. 이렇게 현실 감각이 떨어지는데도 시대를 잘 타고나서 의원하고 장관까지 한다는 상대적 박탈감은 보너스. 그걸 임명한 문재인 정부에 대한 실망은 당연한 거고. 6. 역사교육이 부실해서 이삼십대 남성의 보수화가 된 것이라는 여당 의원들의 망언은 앞으로 2,030과 단절하겠다는 것으로 보임. 다시 한번 강조하지만 2030은 보수화가 된 것이 아니라 반민주당이 되어 가는 과정임. 왜? 민주당 표 정치 효능감을 본 적이 없으니까. 청와대 청년비서관 자리는 만들어서  뭐 함? 전직 국회의원이나 챙겨주는 것뿐 일반 청년들의 삶에 하나도 도움이 되지 못하는데.. 이렇게 정치 효능감이 떨어지는데 이걸 역사교육의 부재로 몰아가면 민주당이야말로 답 없음. 민주당이 앞으로 6,070표를 끌어올 자신 있나? 그게 가능하나? 그나마 우리 편으로 끌어올 세대가 2,030인데 청년 세대 개새끼론 이라니.. 세작이 아니고서야 표를 얻어야 할 공당과 그지 지자들이 할 말이 아님."
215,거다.,"대선 패배하면 벌어지는 일 1. 문 대통령과 가족들, 사돈의 팔촌까지 탈탈 털립니다. 2. 박근혜와 최순실이 사면 됩니다. 3. 이명박이 풀려납니다. 4. 다시 북한과 전쟁이 나느니 마느니 하게 됩니다. 5. 일본과 굴욕 외교를 합니다. 6. 방송국 사장과 보도국장이 싹 교체됩니다. 언론 장악이 시작됩니다. 7. 조국, 유시민, 김어준 등등 많은 인사가 억울한 수사를 받습니다. 8. 조금이라도 정권에 잘못 보인 연예인, 방송인들이 티브이에서 사라집니다. 9. 이명박·박근혜 정권 때 통계가 보여주듯 부자들은 더 벌고 서민들은 덜 법니다. 10. 광화문 앞에 수십, 수백만 명이 시위하고, 폭력 진압하는 사태가 벌어집니다. 11. 복지 예산이 줄어듭니다. 12. 한국사 교과서도 또 새로 쓰겠네요. 국 짐이 계속 집권했으면 죄 다 민영화해서 뼈저리게 느꼈겠죠. 말도 안 되는 소리 하지 말라고요? 노무현 정권에서 이명박 정권으로 넘어갔을 때 사람들이 그랬죠. 덜 시끄러워지고 경제나 좀 펴지면 좋겠다. 한나라당 국민의 힘이 무슨 악마도 아니고 똑같은 인간인데 무슨 큰 문제가 나겠냐고. 저도 그러려니 했습니다. 80년대 독재 시절도 아니고 새천년하고도 10년 가까이 지났는데 뭔 일 있겠나. 비록 원하던 사람이 당선되지 않았지만, 서울 시장 잘했다니까 약간의 기대감도 있었습니다. 근데 무슨 일이 일어났습니까. 시작하자마자 방송국의 사장, 기자들 다 쫓아냈습니다. 노무현 대통령 사돈의 팔촌, 자주 가던 병원과 식당까지 탈탈 털었습니다. 국정원, 경찰, 군인 동원해서 인터넷 여론 조작 시작했습니다. 심리학자 동원해 일베에서 젊은 층 세뇌 작업했습니다. 국정원 요원들이 정부에 쓴소리한 연예인들, 예술인들 관리했습니다. 감시대상명단 만들어서 정부 반대하는 사람들 밥줄 끊었습니다. 대통령이란 작자가 뇌물을 받았습니다. 재벌 세금만 줄 창 깎아줬습니다. 얼토당토않은 토목공사들 벌여 세금 탕진했습니다. 일본에 지금은 곤란하다며 굴욕 외교 했습니다. 북한과 전쟁 일보 직전까지 갔습니다. 촛불 평화 시위를 폭력 진압했습니다. 박정희 신격화 작업을 했습니다. 대충 생각나는 것만도 이 정도네요. 저 짓 했던 사람들 다 지금 뭐하냐고요? 감옥 간 거 아니냐고요? 아닙니다. 국민의 힘에서 한 자리씩 하고 있습니다.다 옛날 일이고 실패한 일인데 또 그러겠냐. 아닙니다. 똑같이 합니다. 위에 쓴 사례들은 저 사람들의 실패담이 아니라 성공 사례에 기 때문입니다. 정권이 바뀌지 않았으면 대부분 드러나 지 않았거나 문제 시 되지 않았을 일들입니다. 성공적인 일은 다시 합니다. 이제 안 들키게 더 교묘하게 하겠지요. 저게 저 사람들의 방향이고, 철학이기 때문에 반드시 합니다. 저놈들은 한 번 학습을 해봤기 때문에 다음 정권을 저쪽에서 잡는다면 더 신속 악랄하게 해치울 겁니다. 다시 정권 뺏길 일 없게 만들 겁니다. 특히나 언론과 사법 검찰은 아주 지금과는 비교할 수 없는 콘크리트 카르텔을 형성할 겁니다. 당장 민영화 돤  고속도로 통행료만 해도 다 나에게 오는 피해입니다 그 당시 수자원 공사 인천공항 매각하려 했었고요 의료도 부분 민영화 시도했습니다. 서울시 물난리나 피해 본 사람들 많습니다. 세월호에 타 있던 게 내 자식이었을 수 있고 메르스에 걸려 죽은 사람이네 가족일 수도 있는 겁니다. 무료급식이 폐지되었으면 급식비로 매달 아이들에게 차별을 강요당하게 했을 겁니다. 병원에 가도 지금과 같이 많은  부분을 정부에서 지원해주지 않을 겁니다. 박근혜가 노동 유연성이라며 노동자들 쉽게 자르는 법을 통과시키려고 길거리, 회사 앞에서 사인받고, 광고하고 했습니다. 매국노들이 어디서 돈을 뺏어 자기들 지지 세력인, 가진 자, 재벌들 배를 불릴까요? 좀만 더 자세히 보시면 많은 것이 달라진다는 것을 알 수 있을 거예요. 당장 나에게 무슨 일이 일어나지 않고 내 통장에서 세금  안 빠진다고 변화가 없는 게 아닙니다. 그래서 항상 눈을 뜨고 살펴야 당하지 않는 겁니다 우당탕 굴러가는 면이 있어도 최소한 민주당의 의도는 좋습니다. 국민 눈치를 항상 살핍니다. 고치면 쓸 수 있는 정당입니다. 2030 세대 이 간질하고, 남녀 갈등 조장해서 이 간직해서 뒤로 꿀 빠는 게 누굴까요? 민주당은 코로나 정국에도 꿀만 빨고 국민은 안 중에도 없는 유통, 금융,  토건 마피아들 이익 회수에서 어떻게 국민에게 되돌려줄지를 더 깊이 고민해야 한다고 봅니다. 상상하기도 싫지만 대선 지면 안 됩니다. 과오를 반복하지 말았으면 좋겠습니다."
216,15,서초동에서 조 국 장관에 대한 부당한 수사를 항의하고 제대로 된 검찰 개혁을 위해 자발적으로 모인 수백만의 촛불 시민들은 180석의 압도적 의석을 민주당에 만들어 주었고 그에 따른 강력한 검찰 언론개혁을 기대했다. 하지만 지난 1년 동안 민주당은 제대로 된 개혁에 소극적이었고 검찰총장 하나 제어하지 못하며 중도 폐 미 눈치나 보는 무기력한 모습으로 지지자들의 좌절과 분노 을 누적시켜왔다. 이번 보궐선거의 참패는 충분히 예견 가능한 것이었으나 아직도 일부 몰 방론 정치자영업자들에 휘둘려서 민주당의 눈과 귀를 닫고 있으며 심지어 열린 민주당과의 서울시장 티브이 토론을 시간 낭비로 폄훼하며 박영선 후보의 미 진한 정책 공약이나 티브이 토론 시의 약점을 보완할 수 있는 귀 중 한 기회를 허비하며 자만과 무능함을 보여주었다. 이번 보궐선거 참패의 결정적  요인은 3차례 티브이 토론에서 후보 간 정책 공약의 차별성을 부각하지 못하고 상대 당 후보보다 유능하다고 볼 수도 없는 민주당 후보의 개인적 역량 부족을 적나라하게 보여주게 만든 선거 참모들과 지도부의 안이 한 대응이 결정적으로 지지자들을 돌아서게 만든 패인으로 본다. 총선 당시 몰 방론으로 민주당의 소금 같은 역할을 할 수 있었던 열린 민주당을 좌초시킨 일부 정치 유튜버들만 쳐다보고 그들의 과 포장된 영향력에의 지해온 과거의 민주당은 지금부터 외부의 유능한 개혁적 정치인들을 영입하고 능력 있고 개혁적인 초선 의원들을 전면에 내세워서 타성에 젖어 있는 민주당을 대수술 해야만 한다. 선거 참패에 책임 있는 민주당 지도부는 전면 사퇴하고 이해찬 비대위 체제로 유시민 최강욱 등 개혁적 리더들을 영입해서 최강 라인업으로 이재명 지사와 함께  내년 대선을 유능한 민주개혁 리더 집단으로 환골탈태시켜야만 노무현 대통령의 비극을 다시는 되풀이하지 않을 것이다. 조국 추미애 한명숙 박원순을 지켜내지 못하는 민주당은 결코 김대중 노무현의 정신을 이어받아 문재인 대통령도 지켜낼 수 없음을 명심해야 할 것이다. 이제는 무능한 운동권 페미 패거리 정치란 구태에서 벗어나 부동산 경제 외교 등 주요 현안에서  개혁적인 최고 전문가들을 적극적으로 영입하여 유능하고 진취적인 민주당으로 확실히 달라지는 진정한 혁신을 보여주기 바랍니다.
217,5.,"촛불 들던 사람들이 오세훈 찍을 때 그 사람들의 심정이 어 땠을 거 같아요? 이 와중에도 한 표라도 더 모으려고 싫다는 사람들 끌고 가서 한 표 한 표 40 프로 모아준 사람들이 당신들은 호구로 보여요? 왜 사람들이 민주당에 입 닫고 욕도 안 하는 줄 알아요? 이 나라를 지키기 위해 얼마나 많은 사람이 목숨을 잃고 얼마나 많이 힘들었는지 그걸 몇 년도 안 돼서 잊어버린 당신들에게 실망을 넘어  환멸을 느끼기 때문이에요. 총체적 난국에 상황 인식 수준이 이 정도니까 탄핵 정국 촛불 정부 180석 몰아줘도 선거란 선거는 전국에서 다 몰아줘도 여태껏 초선 모임조차 안 했다고요? 문재인 정부 여당이 만든 상징적 대표법이 뭔지 내세우지도 못하고 여당 대표란 작자는 이명박·박근혜 사면 타령하고 국회의장 작자는 야당 협치 지껄이면서 공수처도 미루고 검찰총장이 대통령 머리 꼭대기에  앉아서 상투 흔드는 데 국무총리는 대선 병에 걸려서 이미지 관리나 하는 이런 정당 완전히 망함 안 망하는 게 비정상이죠. 근본부터 속수무책 모래성처럼 와르르 무너졌는데 천하태평 앉아서 의원 소모임 3분 브리핑 타령하는 거 보면서 아직도 사망 선고받아놓고도 반 창고 붙이는 소리만 하다가 대선 지선 총선까지 싹 다 뺏기고 세비도 못 받고 쫄쫄 굶어봐야 현실감 들겠네요. 180석은 민주당 당신들 세비 꼬박꼬박 받아 처먹으며 놀라고 만들어준 거 아닙니다. 지금도 평범한 시민들이 코로나에 죽을 고 통 감내하며 하는 와중에도 자기들 기득권만 생각하고 아무것도 안 하는 대선 병 환자들 이미 지병 환자들만 가득한 위선적 민주당보다 부패하고 썩어도 그런 놈들이라도 자기편이면 보호하고 지키는 야당 뽑는 거예요. 조국, 추미애, 정봉주 김어준 당할 때 민주당 인간들 누가 나서서  싸워주기라도 했나요? 유시민이 혼자 싸우다가 결국 저렇게 돼버렸고 그것조차 버리고 외면한 게 민주당이죠. 보궐에 이를 득실득실 갈면서도 고생하는 대통령 생각에 40 프로나 준 지지자들이 불쌍할 지경입니다."
218,좋겠,"오거돈이 부산에서 어떤 존재였냐? 민선 부산시장 처음으로 민주당에서 당선, 개인적으로 4번째 도 전해 시장이 된 부산에선 동정의 표심으로 인간 승리 오뚜기 같은 존재였다. 어떻게 얻은 기회인데 말아 먹냐?? 1. 여기서부터 잘못된 첫 단추에 2. LH 사태 3. 개 검의 선택적 정의 4. 언론의 부화뇌동 5. 부동산 정책의 오류 나름 아래에 정리 1 부산에서도 1채, 9억 이상 고가 주택  많다. 고가 주택에 대한 금액 수정 불가피! 집값 오르면 시멘트 뜯어 먹나? 벌이는 그대로 거나 오히려 줄었는데 보유세 인상이라니? 집값은 내가 올렸냐? 내 집만 올랐나? 근처 옆집도 올라 이사도 못 간다. 시골로 이사하라고? 네가 가라 하와이!!! 2, 1주택자 대출 규제? 대폭 완화해야 한다. 기성세대들은 부동산 호황기에 갭 투자로 건물주 되놓고, 젊은 세대들에게 평생 공공 임대주택 살란 말인가? 욕망의 사다리를 부숴놓으면 어떻게 하냐? 일정한 수입이 있는 1주택자에 대출 규제를 대폭 풀어주자. 3 전·월세 증액 상환 5는 탁상공론이다. 전세ㅡ 월세 상환 시 전혀 현실에 맞지 않는다. 예를 들어 보증금 1000에 40만 원 받다가, 보증금 500으로 낮추면 44 받아야 하는데, 이것은 주변 상황 0.1도 모르고 하는 소리다. 이 경우, 500 에 50은 받아야 하는데…. ㅡ 이게 바로, 박주민 의원 같은 경우. 어쩔 수 없이 편법 여기서는 생략 ㅜ. ㅠ을 쓰고 있는 게 현실이다. 보증금 동결 시만 5 제한하고, 보증금 내리면 10해야 맞다. 4 앞으로 시행될 전·월세 계약 신고 이것은 또 다른 역풍이 불 것이다. 큰 건물이나 가지고 있으면 모르겠는데, 월세 쫀 매씩 받아 용돈 벌이하는 서민들에게는 엄청난 저항을 일으킬  것이다. 인터넷 신고 어려워하는 사람 많고, 계약서 들고, 때마다 건건이 방문한다??? 월세 1020만 원에 세입자가 한 달을 살지, 두 달을 살지, 살다가 문제 일으키거나, 월세 미납에 갑자기 사라지거나, 계약 기간 남았는데 공실 되고 등등... 이렇듯 세입자가 딱 정확히 1년, 2년 계약하고 만료 시점까지 사는 줄 아시나? 세입자는 자주 들락날락, 월세도 못 받을 때도 있는데, 그때마다 일일이 세입자에게 부탁? 해서 계약서 작성해서 신고한다? 월세 겨우? 몇만 원 받는데 자동 갱신되는 경우라면 더더욱 임대인, 이 을 이 돼버린다. 거기에다 미신고 벌금까지? 일반 서민들에겐 이건 진짜 말도 안 된다. 어차피…. 큰 상가나 아파트는 공인중개사가 계약 체결 후 30일 이내 관계기관에 신고하게 되어 있다. 필요하다면, 세입자가 확정일자 전입신고도 할 수 있고. 전월세 신고제 이건 진짜 미친? 짓이다. Mb가 사기꾼이었던 거 대치어 없음 수첩 공주였던 거 몰라서 찍었을까요? 똥인지 된장인지 맛을 봐야 정신 차리는 사람들 탓이 아니라, 대한민국에서 부동산은 서민들에게 목숨입니다."
219,월세,"선거 결과가 소위 말하는 유튜버들이 말하는 데로 흘러가지는 않을 것 같다!! 문 대통령의 당선과 지난 총선의 180석 !! 나 또한 행복하다. 그 모든 시간은 내가 정치를 바라보는 행복이다.!! 일반 대중에 바라보는 시각을 당신들이 재단하지 않았으면 좋겠다!,,, 민심은 이번 민주당 지도부가 만들 진 후 정책 조율에의 한 참패다.!! 진보 유튜버 세력들이 그것은  잘못되었다 압력 세력이 되었던 적 있나?!! 진보 유튜버를 하려면 진실 기반을 둔 진보 세력이라 칭하는 민주당 현 정부에 칼 같은 제단을 해야 한다.! 왜? 집권하는 순간 기득권 세력이 되니까? 정치인이 이 방송에 나오면 박시영 당신이 민심에 이 반하는 것에 대해 칼 같은 질문을 던져야 한다.!! 좋은 게 좋은 거 다 하는 방송은 한마디로 어용이라는 타이틀밖에 없다고 생각한다..!! 비 맞고 선거 못 하고 선거 날 새벽같이 일어나 주섬주섬 박영선이 찍으러 나간 사람이다.!! 진보 세력이 살아남으려면 진보 집권 세력에 메스를 될 수 있는 세력이 되어야 한다. 김어준 이 이번 방송에서 고군분투했다.. 그런다고 민심이 달라지나?!! 아니야!! 오버하지 마라!! 결과는 과정이 정당해야 한다. 그럼 주변 정치 세력이 민주당이 민중을 위한 세력이 되도록 디딤돌이 되어야 한다. 집권 세력에 영합하지 마라.!! 대한민국 국민은 3만 불 이상 4만 불을 바라는 이기적인 것들이다.!! 정치에 농락당하지 말고!! 민중과 호흡해서 민중을 위하는지 감시하는 보라매 역할만 해라!! 민심을 거역하면 다음 대선에서 장담 못 한다.!! 단적인 옛적 전 국민 재난 지원금이다..!! 이것을 못 한 이유 너희는 잘 알잖아?! ! 경제의 경 자를 아는 자라면 병신 짓 한 것이다.!! 박시영 TV 부탁인 다 정곡을 찔러라.. 그래야 우리가 원하는 세력도 부패하지 않는다.. 언제? 과정 중에!!"
220,박형준,"커뮤니티 보는 것 좋은데 커뮤니티 글들이, 그리고 댓글까지 다 합쳐도 그들의 의견이 자신들이 속한다고 주장하는 어떤 집단 20대든 여성이던 것을 모두 대변한다고 보기 어렵습니다. 저는 커뮤니티를 아주 가끔 보고 글은 언제 써봤는지 기억도 안 납니다. 젠더 이슈가 엄청 크다고 하는데 과연 그걸 제일 앞에 세운 여성의 당 득표율은 어땠나요? 저는 오히려 문제는 여론이 아 나라 민주당의 기준을 잡아 줄 사람이 없어진 게 가장 치명적이라고 봅니다. 질서가 없어진 것이지요. 이해찬 대표 때는 논란은 많았지만 뭔가 당이 일사불란하게 움직인다는 느낌이 있었는데 솔직히 이낙연 대표님 체제 이후로는 도대체 민주당이 뭘 했는지를 모르겠습니다. 그리고 약간 불편하겠지만 우리 민주진영 스피커 분들께도 한마디 하겠습니다. 요새 제가 보는 콘텐츠는 유 시민의 알릴레오 북스뿐입니다. 왜냐고요? 다른 콘텐츠는 너무 지겹고 비슷한 내용 재탕이라는 생각밖에 안 듭니다. 조금 세 게 말하자면 유시민 콘텐츠, 김어준과 그 아류들의 콘텐츠라고 밖에 안 보인단 말이지요. 솔직히 민주당의 듣도 보도 못한 의원들보다 우리 스피커 분들이 훨씬 영향력이 컸던 것 아닙니까? 시간이지 날수록 예 건데 가로세로 연구소보다 훨씬 질 높은 컨텐츠가  나와서 보수 지지자인 친구들에게도 보라고 말 할 수 있는 수준까지 언젠가는 가야 하는 것 아닐는지요? 다들 상심이 크셨을 텐데 오히려 한 일주일 쉬시고 모두 심기일전하시길 바랍니다."
221,본인,"욕망에 투표한 것, 보수가 결집했다. 4월 7일 김어준 씨가 진행하는 개표 방송에서 자주 들은 말입니다. 욕망이오? 크크크 뭐가 욕망이라는 겁니까 집이 있어야, 아니 적어도 30년 된 낡은 주택이라도 있어야 재개발 희망을 걸며 오세훈 지지하죠. 20대 남자 70 프로가 집이 있어서 오세훈 지지한 거 같습니까? 욕망이라니 자기들 지지 안 하면 집값만 생각하는 탐욕스러운 사람들로 몰지 마세 교보 수가 결집? 제발 586 민주투사들하고만 얘기하지 마시고 젊은 사람들과 대화라도 나누세요... 상당수가 2016년 추운 겨울에 촛불시위에 나왔던 사람들입니다. 임대차법을 주도하면서 자신이 보유한 집세는 올린 사람들을 어떻게 또 지지해줍니까? 언론이 기울어요? 180석이나 가졌으면서 언론 탓을 아직도 하면 국민들이 뭘 더 어떻게 해줘야 합니까 제발 반성하세요. 586들 뒤로  좀 물러나세요... 90년대 섬김을 보면서 당신들이 느꼈던 감정을 지금 2,030대가 느끼고 있다고 생각한다면 공감이 되려나요?"
222,거기에,"자본주의 사회에서 돈의 욕망을 간과해서는 안 되는 것 생각합니다. 부동산을 너무 투기 성향으로 본 경향이 있고 물론 언론이 제대로 역할을 하지 못한 탓이 크지만 180석으로 언론개혁을 과감히 강력하고 신속하게 하지 못한 것이 정말 아쉽기만 합니다. 1. 포털을 포함한 언론개혁……. 그들의 수익과 관련된 자본 부분도 함께 개혁 2. 선별 지급은 국민 여론만 분열 시키므로 보편 지급을 한다는 분으로 경제부 총리를 3. 부동산뿐 아니라 자산을 키울 수 있는 주식시장을 활성화해주시는 정책 장기 보유 혜택 등도 마련되면 특히 2030대에 부를 만들 수 있는 거 회 부여와 동시에 기업 성장, 부동산으로 쏠린 자산의 분배 도 가능. 4. 더 강력하고 선제적이고 혁명에 가까운 개혁을 신속하게 민주당 180석으로 해내야 합 네다. 그래야 문재인 대통령을 지키고 대한민국을 지킬 수 있다고 생각해요. 우리 모두 힘내요!!!"
223,사회,2030 묶지 마세요. 민주당 이 긴 세대는 20대 여성과 40대 남성뿐이었어요. 왜 20대 여성을 2030으로 묶으세요. 여성 20대에서 15 프로 기타는 보이지도 않으시죠? 젊은 여성 표는 그냥 잡아둔 표 같죠?? 지지난 총선 때부터 젊은 여자 측이 대대적인 지지를 보내왔으니깐요. 이번 선거 박원순 때문에 치른 거예요. 박원순 성 비위 사건에서 많은 이야기가 있으나 그렇다고 민주당이 박원순의 명백한 결백의 이 유도 찾아내 지 못했고 박원순은 본인 결백을 주장하지 않고 떠났어요. 성 비위 문제에 예민하고 민감한 20대 여성들이 본인의 현실에서 있음 직한 성 비위에도 그런데도 국민의 힘을 뽑을 수 없어서 민주당을 뽑았고 그렇기에 민주당을 뽑을 수 없어서 기타를 뽑은 20대 여성이 15 프로나 차지합니다. 이 15 프로를 어떤 정책 차별점으로 가져올지 고민해야 합니다. 대선 때도 20대 남자 지지율은 60대와 비슷했어요.
224,집권,제가 만나 본 20대 대부분은 정치에 별로 관심 없습니다. 대부분 포털로 소비하고 그걸 진실로 받아들이는 편입니다. 20대뿐 아니라 대부분 중도층이라고 하는 사람들이 다 그렇죠. 이번 선거는 포털이 플레이어로 뛰어든 최초의 선거입니다. 네이버뿐 아니라 다음까지 대한민국 양대 포털이 작정하고 뛰어들었습니다. 물론 민주당의 작전 실패도 있겠지만 기 레기를 이 썩은 기사 내고  포털이 그런 기사만 뽑아주는 알고리즘을 가지고 있다면 민주당이 아무리 잘해도 국 짐의 후보가 아무리 썩어 문드러져도 중도층의 표심을 얻기는 힘듭니다. 언론과 포털 개혁 필요합니다. 대선까지 얼마 안 남았는데 민주당 제발 헛짓하지 말고 정신 차리세요!!
225,분명,"부동산 때문만 온통 빨강이었던 건 산술적으로 설명이 안 됩니다. 검찰보다 무서운 여가부 손댈 용감한 여성의원들 없나요? 파 쇼 페미들을 솎아내야 합니다. 20대 속칭 페미 가짜들은 민주당 안 찍어요. 그리고 정의당의 몰락을 보면서 배우는 거 없나요? 고 박 시장님 장례식 때 보인 저 근본 없는 페미들, 또 그고 소 비서를 따끔하게 평하지 못하는 민주당! 그들도 적폐입니다. 개혁하는 데  골치 아픈 여성 단체는 피하려고 하는데 그러면 20대 남자들은 그런 민주당을 국 힘 시궁창보다 더 싫어하게 됩니다. 이대로 가면 정권 재창출 불가하고 다시 MB 시대가 됩니다. 물론 문 대통령은 지금부터 서울을 오세훈이 잡게 되면서 위험 해지 시기 시작했습니다. 아마 방역에도 미온적이거나 아니면 대놓고 방해할 겁니다. 대구시장 못지않을 겁니다, 그를 찍은 보수 아니 신분들은  참 현명하지 못한 선택을 했습니다만 그게 민주주의의 약점이죠. 이틀이 지났는데도 앞이 캄캄하네요."
226,이유,정확히 말하면 부동산 때문이 아니라 정책 홍보 때문 아닌가요. 꾹 힘에서 아무리 잘해봐야 청년들한테 지금 정부보다 더 잘해 줄 수 있을까요. 지금 당의 50대 60대 마인드가 더 문제예요. 20대 여성들이 왜 페미 정당에 투표했는지 이해하시나요? 그냥 애들이 철이 없어서 이렇게 생각하면 끝입니다. 박시영 티브이 즐겨보는 30대 여성인데 젤 더 이슈 부동산 이슈  2030 이야기할 땐 한숨만 나와요. 어떻게 이렇게 모를까 싶어서. 정권의 문제뿐 아니라 진영 전체가 성찰해야 할 때입니다.
227,마시고,"오래전부터 이런 결과를 예측했습니다. 민주당은 이번 선거에서 후보를 내 지 말았어야 합니다. 당헌을 개정해서까지 후보를 냈는데, 명분도 잃고 실리도 잃고 국민들의 신망도 잃었습니다. 180석의 의석을 가지고도 개혁을 밀어붙이지 못했습니다. 몇몇 초선 의원들을 제외하면 전부 적폐입니다. 진보의 가치라고 했던 김상조, 박주민의 행동에 진보에 대한 믿음은 완전히 무너져 버렸습니다. 내년 대선 진보진영의 후보 필패합니다. 이제 민심을 회복할 수 있는 내용이 없습니다. 부동산은 하루아침에 해결이 될 문제가 아니고, 유일한 희망이었던 북한과의 관계 회복은 북한의 헛발질로 점점 멀어지고 있습니다. 방법이 없습니다. 아쉽지만,,"
228,그러,"누군가 그랬죠.. 문제는 경제야.. 바보야.. 마찬가지... 문제는 돈이다... 언론 핑계, 국민 핑계... 대지 말고.. 국민들의 주머니, 있는 자나 없는 자나 모두 다 다 다 생각하시길.. 내 경우???? 고향에 소유하고 있던 작은 토지,, 은퇴자금으로 수년 후에 매도하려 했는데, 민주당 나리들께서 하루아침에 법을 만들어 세금을 30 더  내게 만드심... 열 안 날까??? 난 열렬한 민주당 지지자였고,,, 지금도 검찰, 언론 개혁에 열성적 마음 갖고 있고, 글들로도 많이 동참하는데.. 공산당은 아님... LH 사건은 공무원들이 저질렀는데... 엄한 소시민들만 잡는 법을 만드심... 민주당, 이래서 공산당이라 불림.. 많은 이들이 이제 자기 돈 안 뺏고 재벌 돈 먹는 국지 마당을   택할 것... 대선????? 마찬가지…."
229,본다.,2030 마음을 얻으려면 하고 제목 뽑아 놓고 2030 한 명이 없네. 크크크 이러니 제대로 얼마나 심각한지 알 수가 없지. 민주당이 이제 노력한다고 돌아가 집토끼 얼마 안 남았습니다. 민주당을 전에는 그저 분노의 감정만 느껴졌는데 이제 커뮤니티에서 민주당에 대한 자구를 보고 있으면…. 아이건 거의 바퀴벌레 나 해충 보듯 한 감정을  느끼고 있다고 하고 생각하게 됩니다. 민주당에 대한 감정이 분노에서 혐오로 지금 넘어가고 있습니다. 물론 그래요. 커뮤니티의 반응이나 이야기들이 전부를 대변하지 않습니다. 하지만 사회에서 드러내지 못하는 찐 얼굴들이 드러나는 장소이기도 해요.. 이번에 이 정도로 조용하게 반응이 이렇게 나올지 지금 아무도 이 해 못하지 않습니까? 전  몰라서 가 아니라 안 보려고 의도적으로 외면했기 때문이라고 생각합니다. 왜냐면 페미니즘 정치하시는 분들이 불편하니까. 20대 남성 지지율에 대한 청와대 보고서였던가요 ? 그 보고서 묻어버리는 과정.. 전부 기억하고 있습니다. 이젠 늦은 거 같아요.
230,잘하,"이번 선거는 게 당초 지게 된 선거인 걸 결과를 봐야 아는지? 핵심은 부동산 정책 실패. 도대체 홍 부총리를 부동산 책임자로 만들어서 부동산을 정상화를 시키지 않고 안정화하면 된다는 것이 머릿속에 박힌 사람인데, 그래서 땜질식 따라가기 정책을 펴니, 계속 부동산 정책이 실패에 실패를 거듭하는데 불구하고, 물통은 민심의 핵심이 어디에 있는지? 알면서 못하는지, 몰라서 못 하는 건지, 부동산의 정상화를 예 초부터 하지 않고 안정화에만 정책을 써니, 가격 폭등의 핵심이 어디에 있는지를 모르는 건지 홍남기 같은 인간이 애초부터 부동산 가격이 하락하는 걸 원치 않는 인간인데, 그걸 용인하고 여태까지 자르지 못한 우유부단한 분통이 궁극적인 책임. 그다음 메이저 언론을 개혁하지 못한 점. 180석을 준 국민의 뜻이 어디에 있는지? 앞으로도 보수언론을 개혁하지 못하면 내년 대선도 필패할 것이 대치어 없음 하한 사 실."
231,아는,"민주당의 보궐선거 패착... 1. 공정한 언론 포털 환경 확보 부재 2. 부동산 정책의 섬세한 부족 21. 고 부동산에 대한 가격 하락만 초점. 22. 이미 보유 서울 50 유권자에 대한 정책 부재. 23. 추진 과정에서 LH 공무원 비리 3. 선거에 임하는 민주당 180명 의원과 도시 구 의원들의 맨투맨 적극성 부재. 4. 민주당의 전략 부재. 민주당 차원의 선거 사전 초석은 없고, 오직 진보 스피커에 의존 및 선거자금 확보 5. 정부와 지자체가 진보 별도 포털에 광고비를 몰아주고, 그 포털이 진보 스피커들의 자금 지원 역할을 못만 듦. 하급 공무원보다 엄청난 고위직 공무원 비리 및 야당 의원에 대해 처리 미흡하면서 밑에만 닦달…."
232,꼰대,"판검사 언론, 또 아리는 적폐들, 많으면 곤란하고, 각 10명씩만 때려잡으라고 권력 줬더니, 세금, 대출, 재산등록에 하나도 관심 없는 적폐, 투기꾼들 1명도 때려잡지 못하고, 그저 만만한 대 국민선전포고문만을 남발, 대통령이 검찰총장에 휘둘리고, 법무부 장관 부인이 판사 1명에게 4년 법정구속한 것도, 어디지방대학? 고 딩표창장으로, 판사 1명 탄핵에 생난리 것도, 벌써 관심 밖 과거지사에, 수천 수백 수십억 해 먹는 부동산 뚜 가꾼들 10명만 때려잡으랬더니, 4천만 원짜리 연립주택, 월세 보증금 5천만 원에 휘둘리더니, 만만한 국민 향해 전 공무원 재산 신고는 뭐고, 1이라며 각종 부동산 세금 온통 야단법석, 99가 항상 손실로 열 받은 주식 이중과세? 돈 있고 없고 손해 보고 안 보고 국민 편 가르기 코로나 지원금은 또 웬 난리, 기초 수급 노인 연금 줬다 뺏는 공약조차 빈민 편도 아니고, 도둑놈들과 심심하면 협치 운운하니, 국민 편 가르지 말고, 고무신 한 짝씩이래도 주고, 나쁜 놈들 각각 10명씩만 때려잡으면 간단한데, 아무래도 우유부단 무능력인가보다라고 평생 처음 권리당원 힘 실어준 1명의 생각. 안 쓰거나 못 쓰는 권력 보스 기질도 있다는 양아치 윤 짜장에 이양하심은? 건 또, 민주주의라 당장은 안 되나요? 사실 본인들이 귀족적 폐기득권? 치열 생존 본능 근근 살아있는 국민의 영역은 아닌가? 살아보니 별건 아닌데"
233,바랍니다.,"민주당을 지지하는 소시민의 생각으로 이번 시장 선거의 참패는 정부와 여당이 총선 이후에 국민들께 인정받을 만큼 잘한 일이 없었음을 이유로 생각합니다. 총선 때는 정부의 코로나 대응으로 확진자 수가 지금과 같지 않았던 점을 국민들이 투표로 지지하였고, 재난지원금 지급으로 국민들과 소상공인들에게 정부 정책의 효과를 직접적으로 느끼게 해준 점이 지지의 이유였지만, 총선 후에 부동산값이 폭등하기 전에 제대로 성과를 내 지 못하였고, LH 사태로 정책의 신뢰성마저 않아버린 점이 이번 시장 선거의 참패 결과 라 생각합니다."
234,금지,"저도 뼛속 민주당 지지자였고 앞으로도 쭉 지지하고 싶습니다. 하지만 근래 민주당과 문재인 정부에 너무 실망하고 있습니다. 첫째, 부동산 문제.. 정말 답이 없네요. 둘째, 공정의 문제 비정규직의 무리한 정규직화, 의대생 국시 허용 등 셋째, 무능한 인사 윤석열을 누가 검찰총장으로 임명했는지.. 김현미 국토부 장관의 무능 넷째, 이낙연 대표, 정세균 총리, 박병석, 김태년의 어 정정한 스탠스 다섯째, 민주당 국회의원들의 국 힘 당과 별반 다르지 않은 행동 여섯째, 180석을 보유한 민주당에서 국민들이 진정으로 원하는 법안들 통과 못 시키는 점 일곱째, 이번 LH 사태에서 민주당 당 대표의 헛발질 등등... 기대한 만큼 실망도 크네요."
235,공감,"문재인 대통령께 제 글 전달 요망. 대통령님께서 촛불 시민과 약속한 적폐 청산 이루어졌나요? 그 적폐 중 이명박·박근혜와 최순실만 감옥에 있을 뿐, 죄에 대한 형량이나 범죄로 형성된 재산, 그리고 범죄에 가담한 측근들, 사회 비리 덩어리 들 어느 하나 정리된 것 없습니다. 이젠 결단 하십시오. 덕장으로 남으셔서 민주주의를 외치던 국민이 죽게 만드실 것인지, 용장으로 남아서 국민과 함께 민주주의 살릴 것인지를…. 그 과정에서 독단은 필요하단 것과 비리 덩어리들 제거하기 위해선 총칼이 필요하단 것을…. 깡패와 범죄자들 하지 마라. 백 번 떠들어도 바뀌지 않고, 대통령이 선하니 그들은 범죄와 쌍욕으로 응대 중... 먼저, 대통령 측근 중 검사 출신과 말 안 듣던 놈부터 치우고, 국가 합동수사본부 경찰, 사이버수사대, 국정원, 국세청, 깨어있는 검사 약간 기소 위해를 내 세워... 모두 비리 공직자와 선출직 비리자 TV로 즉결 공개심판 군 검사 판사가 친일파 자녀들 공무원 및 선출직 진출 금지 조항 법제화. 모든 언론과 포털 국유화 후 국민주 주화 재벌 언론 소유 금지법안 법제화. 쓰레기 기자들 국민 100명으로 구성된 재평가 통해 재입사 및 퇴사 처리·공수처법 개정 검사 출신 배제, 야당 비토권 제거, 다수결 원칙 공수처장 및 차장 민변 출신 명 문화. 재벌 문어발식 운영 제한. 강점 개별 34개로 통폐합 중소기업 담합제도 합법화. 중소기업 기술탈취 시 대기업 폐업 처리 명문화·대기업의 중소기업 이익 갈취 시 징벌적 10배 배상 및 거래 20년 유지 법제화 국민연금 활용해 금융 취약자 해소, 국민연금 주식투자 금지 및 국민임대주택 2 수익 투자 전환, 국민연금 연금 지급 방식을 오인하겠어 방식으로 변경. 건강보험 개선 악의적 의료비 청구 병·의원 폐업, 중복 진료비 청구 제거, 대치어 없음 DB화 및 활용 타병원 활용 불가 시 환불제, 의보 미적용 진료 항목 사전 심사제 도입 등"
236,해주,"1. 포털 개혁 1순위 2. 언론개혁 법 처리 3. 검찰개혁 4. 부동산 감독청 5. 민심 수습 참고 참다 화가 나서 도저히 참을 수가 없습니다. 찾아보면 얼마든지 통제할 수 있는 최고 권력을 가진 대통령, 그리고 법무부 장관, 180석을 가진 민주당도 대체 시민들이 더 무얼 해주어야 하나요. 밤새우며 댓글 달면서 대통령과 민주당 방어해 주는 시민들이 더 무얼 해 주어야 하나요. 검찰 내에서 정의를 세우고자 헌신하는 검사들의 힘을 빼버리는 대통령과 박병선 때문인데 시민들이 더 무얼 해야 하나요. 힘을 갖고도 사용치 못하고 당하면 당해도 싸다고 본다. 제발 정신 차려라. 대통령부터"
237,않았,"40대 대한민국에서 민주화를 위해 일한 세대도 아니었고 사실상 실력도 없이 취업은 개꿀 빤 세대 그러면서 1,020대에 꼰대 짓은 개같이 많이 하는 세대, 자기들이 싸질러 놓은 잘못된 관행들을 아무 상관 없는 1020에 덤터기 씌우고 경험이 없느니 있느니 투표권을 다시 가져야 왜 한다느니 하는 답이 없는 세대 생각해봐라. 40대들 놀이 유흥가에서 술 먹는 것 vs 1020집에서 게임을 하기 둘 중 뭐가 더 건전한 거 같냐 ㅋㅋㅋ 이번 선거의 참패 이유? 그나마 국민의 힘이 1020 청년 남성에게 신경 썼지 민주당은 하는 시늉만 했기에 결과가 이리 나온 것임"
238,잃고,"내년 대선 전에 문재인 대통령과 민주당이 3가지는 해내 지 않았냐고 얘기할 거리를 만들어 주셔야, 지지자들이 주변 지인들에게 선거 운동이라도 할 수 있습니다. 이번에는 내용도 없이 민주당 안 찍으면 오세훈이 돼버린다고 거의 구걸하다시피 했어요. T.T 검찰 개혁이고 언론 개혁이고 당연히 해야지만, 안타깝지만 원전이고 통일이고, 5.18이나 4.3이나, 수소차 같은 신산업 그런 건 피부에 별로 와닿지 않아요. 부동층은 먹고사는 거에 관심 있습니다. 내 주머닛돈. 대표적인 예로, 강남 1 프로는 포기하더라도, 1가구 1주택자는 이들대로, 무주택자는 무주택자대로 뭔가 개선이 있어야 합니다. 또한 세월호 사고조사 같은 거 지난 1년 거북이 기어가듯 했습니다."
239,나오,"10400 하태경을 레커차 의원이라 비판했다고요? 20대 남자들은 그 유튜브 정체 카라도 자기 이야기를 들어주길 바란 겁니다. 180석을 먹은 국회의원 중에 우리 이야기를 들어주려고 SNS에 뭐라도 남긴 사람이 누가 있나요? 적어도 레커차 의원은 23년 전부터 이야기는 들어는 줬어요. 심지어 몇 개는 해결도 했죠. 경비법, 페미니즘 관련 법, 군대 이 3가지만 놓고 봐도 민주당 혹은 민주당 쪽에서 그간 20대 남성들과 소통하던 사람이 있었나요? 아 경비법 관련해선 이상헌 의원은 봤었네요. 근데 그 사람은 민주당 내의 주류 여론은 아니었죠. 최소한 들어라도 주는 사람을 왜 비판합니까? 자기 자신들은 관심도 없었으면서? 실질적으로 해결 못 해주는 데 듣는 척 쇼한다고 관심도 안 준 사람이 비판하는 겁니까? 민주당도 거기에 접근할 수 있는 여지는 충분히 있다? 과연 그럴까요. 몇 년 동안 버려놓고 선 거지고 나서 후다닥 들어오는 거 누가 좋게 봐줄까요"
240,거지,일단 커뮤니티에 있는 일베들부터 좀 대응하세요.. 일베들이 이 상한 가짜 뉴스만 올리고 선동하고 청년 커뮤니티 들어와서 헛소리 하면서 싸우고 난리가 납니다... 정신병 걸릴 수준이에요 그러면서 결론은 문재인이 문제고 해결은 꾹 힘이 세줄 거라고 이야기합니다. 전혀 공감도 안 가는데 그 밑에 맞아 이러면서 자기들끼리 댓글 달아주면서 여론 형성하고 누가 봐도 댓글 알바  티 나는데 일베나 댓글 알 바 같다 하면 또 댈게 문이네 이러면서 예전 빨갱이 논리들이 미니 커뮤니티 하던 사람들도 피곤해서 이용자들도 떠나게 되는 느낌이에요 누가 봐도 일 배 알 바 같은데 갑자기 그게 청년의 견인 마냥 하는 것도 웃깁니다.. 선거가 커뮤니티에 일베들이 많이 들어간 결과라고밖에는 생각이 안 되네요
241,박원순,"왜 졌나? 민주당과 정부는 과거의 어떤 정부보다 성과가 크다. 전 세계가 전 전 긍긍하고 있는 코로나에 국경을 열고 이처럼 효과적으로 대응하는 막강한 행정력과 국민의 자질을 만 방에 드높이고 세계는 우리를 배우고 있다. 거기에 당연한 옵션으로 경제도 최고로 선방했고, 집요한 적폐 언론과 기득권의 방해에도 불구하고 부동산도 이제야 잡혀가고 있다. 가장 큰 업적은 공수처를  설치한 것이고 그 밖에도 민주화, 공정의 가치 등등 이 모든 것이 조중동을 비롯한 포털들의 장난으로 덮였고 국민은 현혹되었다. 국민의 짐이랑은 거짓에 기반을 둔 프레임으로 언론과 검찰 기득권들과 합작하여 더욱 국가를 구렁텅이로 밀어 넣고 있다. 이것이 패배의 원인이고 우리는 차기 정권을 세울 수 있는 강력한 백신을 맞았다. 민주당이 살고 우리나라가 살길은 강력한 언론 개혁 입법을 신속히 하고 검찰의 완전한 해체가 당면한 최고 우선 과제이다."
242,부자,단순하게 보세요. 4년 동안 주기만 하고 돌려받지를 못해서 그래요. 여당 야당 국회의원들 재산 증가 국민들이 다 알고 있습니다. 근데 국민들이 피부에 와닿는 경제적 보상 없이 부동산으로 인한 박탈감이 컸습니다. 촛불 혁명도 국민이 해주고.. 4번의 선거 승리도 안겨주고 180석 주며 밀어주며 개혁하고 민생안정에 매진하라 주문했지만.. 돌아온 건 선별 지급과 사면이라는 개소 리뿐.. 1차 보편 지급에 이어 2차 3차를 보편과 선별을 동시에 진행해서 내수 경제 방어하고 안정에 힘썼다면 이런 결과까지는 아니었겠죠.
243,표심,"5900 지금 여성부를 폐지해도 모자랄 판에, 이삼십대 남성 50 프로 p가 국지 마당으로 빠졌는데 15 프로 페미 당으로 빠진 거 아까워하고 있네. 선거 전문가 맞음? 답답하다. 진짜 민주당이 이렇게 인식할까 봐... 이 봐요. 73 프로에 요 73 프로 명색이 선거 전문가가 이게 의미하는바 몰라요? 원래 우리 편이었던 2030이... 쇼킹하지 않아요? 이게? 페미가 많아 보여요?  당장 여성부 폐지 한번 여론조사 돌려보세요. 좀... 여성 찬성 비율 보고 놀랄 겁니다. 노무현 이회창 득표 차 민간인과 군인 모집단에서 뭐가 더 큰지는 선거 전문가라 당연히 알 거라 믿고 싶네요. 지금 황희 두 같은 민주당 페미들 아작 낸 선거에서 황희 두 말 들으면 뭐 하겠다는 건지…."
244,책임,"지금은 강한 추진력이 절실하게 필요하다 봅니다. 총선까지 검찰 언론개혁 확실히 끝장내야 하고 2.30대 여성이나 남성 유권자들이 피부로 와닿는 정책이 필요하다 봅니다 더불어 물통 공약 중 동물보호법 강화도 있었지만, 전혀 논의가 없는 거 같은데 반려동물 천만 넘은 지도 오랩니다. 동물 카페에서도 표 구걸용이냐고 말이 많습니다. 이제 1년 미친 듯 달려야 한다고 봅니다!!"
245,법안,"대통령 비서실의 각 수석. 국무총리 및 장관들. 고 위 관료들. 민주당 지도부. 위 사람들이 대한민국 최고 통치권자인 문재인 대통령의 명령을 안 듣는다고 하는데요. 그것이 정말 가능한 것인가요? 정말 홍남기, 이낙연, 윤석열이 문재인 대통령 명령에 항명하는 것인가요? 지금 그렇게 무 권력 상태인가요? 도저히 이해할 수가 없습니다. 대통령도 바꾸고, 지방의회도 바꿀 고, 국회까지 바꿨는데도, 개혁이 안 된다? 더 국민들로서는 할 수 있는 게 없다는 무력감과 분노! 이 사실에 적폐들에 느끼는 열패감! 정말 문재인 대통령은 무력한가요? 이재명 도지사가 대통령이 되어도 역시 무력하게 될까요?"
246,거짓,언론개혁은 가짜 뉴스 박멸 측면이 고 포털 문제는 기사 배치의 불공정성 문제입니다. 아주아주 중요합니다. 정치 저관여 층 100 프로 영향받아요.. 옆에 그런 사람 수도 없습니다. 포털 문제 진짜 진짜 심각합니다. 민동기 기자님. 1년 전에는 이렇지는 않았습니다.
247,취업,"2,030표 얻으려고 무리하지 않는 게 좋습니다. 특히 20대는 정신 나간 노이네! 들과 별반 다를 게 없다. 본인들이 국지 마당이 좋으면 찍으라고 하세요. 마음 돌린다고 이것저것 해봐야 비웃음이 다 그냥 내버려 두세요. 본인들이 생각 있으면 알아서 하겠죠. 굳이 국 짐당 정권에서 살고 싶으면 그렇게 하면 됩니다. 그런다고 세상 무너지는 거 아닙니다. 차라리 20대에 과도한 혜택을 4, 0대에 투자하세요. 그리고 민주당과 정부는 다른 세대랑 똑같이 정책을 하면 됩니다. 개혁을 하면 다 해결됩니다. 확실합니다"
248,엄중,일단 2030이 민주당에 화내고 있는 거면 그나마 희망이 있다고 생각해요. 그 단계를 지나 외면하면 그땐 진짜 힘들어지고... 우리가 진보 언론이라 멀어지는 단계랑 비슷한 거죠. 화내고 있다면 아무리 거친 말을 쏟아내도 그 말을 들어주고 공감하고 반성하고 노력해주기를 원하는 거고 바뀔 수 있다는 희망을 버려지는 않은 단계니까요. 박시영 대표가 말하는 것처럼 민주당이 2030의 이야기를 많이 들어야 할 거 같아요. 공감과 수용 반성과 겸손의 자세로... 가르치려 들지 말고... 이번 기회 놓치면 2030 계속 안 돌아올 수도 있어요.
249,마세요.,"굉장히 파격적인 메가톤급 민생경제 정책 실행하고 민주당이 대대적 선전을 해야 할 텐데... 예를 들면 전 국민 기본소득, 청년 인턴이나 병 다년들의 재취업 시 일정 기간 월급을 회사 대신 지불해주는 제도 등등... 검찰, 언론개혁은 조용히 전광석화처럼 처리하고.. 다음 당 대표 우원식, 원내대표 박주민, 최고위원 김용민, 이재정 의원들이면 좋겠다…."
250,몰라,이미 대선 때부터 그들은 목소리 냈어요. 그러면서도 그래도 투표는 민주당에 주다가 계속 조롱당하고 무시당하고 여성 관련 정책이 시행되든 안 되든 그런 게 언론에서 나오면 화나고 그게 수위가 넘어간 거죠. 커뮤니티마다 조롱하는 글들 보면 알 수 있을 기에요. 이성이 아니라 감성 투표인 것도 그리고 이게 모든 원인은 아니지만 이삼십대 남성들 목소리 내던 거 개 묵살하다가 당한 건 맞는다고 봅니다. 지금에서야 잘해준다 한들 그들이 돌아설지는 잘 모르겠네! 여. 몇 년간은 의 심의 눈초리를 안 거둘 듯
251,지난,왜 진 건지 모르는 건가? 페미 빨다가 진 거라고는 생각하는 사람이 별로 없네! 부동산은 이쪽이나 저쪽이나 병신 같은 건 똑같았음 노골적으로 페미 빨다가 졌다고는 생각을 안 하네 어딜 가나 부동산 때문에 진 걸라고 삽질하네. ㅡㅡㅋ 원인은 정확하게 하나임 페미 똥구멍 빨다가 진 것임 커뮤니티 돌아본 거 확실함? 어르신들 커뮤니티만 돌아다닌 거 아님? 정상적인 여자들도 국 짐 찍었으면 오세훈  답변 거부에서 표가 많이 몰렸다는 게 커뮤니티에서 많이 돌아 댕김 이렇게 계속 페미 똥구멍 빨다가는 대선도 질 것임 찐 진보는 아니더라도 약 진보인 사람도 오세훈 찍는 마당에 아직도 부동산 타령... 페미 그만 빠세요
252,부분,이삼십대 남자는 페미가 그냥 제일 문제임. 이낙연 지도부 때 청년 최고위원 박성민? 얘 페미 중에 페리잖아. ㅋㅋ 그간 페미 관련 발언들도 가관이 더. 이 친구가 페미에 치를 떠는 이삼십대 남자들과 소통할 수 있겠음? 그렇다고 이삼십대 여자 대변은 똑바로 하나? 이삼십대 여자 대부분이 페미 안 좋아하거나 관심도 없음. 암울한 건 앞으로도 민주당은 이거 못 고친다는 거. 박성민 물러나 봐야 또 비슷한 애가 올라오거든. 민주당 청년 인재는 페미 집단에서 조달해오니까. 그냥 답이 없다. 앞으로 20년 정도 쳐 발리면 정신 차리려나?
253,박주민,박시영은 페미 이야기는 하나도 안 하네? 분석이 틀리면 또 지는 거다. 아 나중에 하시네. 관점의 차이가 아니지. 관점이 없었지. 20대 남자를 그냥 투명인간 취급했지. 어차피 민주당 찍는다고. 자신들의 목소리를 투표로 낸다. 지금 20대는 현명하게 처신했다. 여가부 못 버리면 이 정부는 페미와 함께 매장될 거다. 이준석은 들어주는 척이라도 했지. 여자 부시장이 뭐냐?
254,있었,"초선들은 왜 조국 탓을 하나? 조국 사태 1년 후 총선이 펼쳐졌고 무려 180석이나 얻었다. 그럼 조국 덕에 180석을 얻었다고 해야 옳지 않나? 저들이 짖을 때 납 짝 엎드려 꼬리를 내릴 게 아니라 그냥 물어뜯어 버렸어야지, 프레임 전쟁에서 뒤져놓고 왜 엄한 조국 탓인가? 이번 박주민 사태도 그렇다. 박 의원이 입법자로서 처신이 옳지 않았지만, 역으로 부동산  급 등을 정부 탓으로 돌리며 현 시세차익 등의 부동산 재미는 다 본 주호영 등의 국 짐당 행태를 비난해서 프레임을 역행시켰어야지!! 민주당엔 그렇게 대가리가 없나?? 박원순 시장 건도 시 시비를 가려 건강한 미투를 위해 뭔가 대책을 마련했어야지 2차가 해의 프레임 기죽어 한마디도 못 하고 뭐냐? 네일아트 자랑하길래 손가락 잡고 구경한 게 미투 건이나 되냐? ? 그러면 여기자 밀쳐낸다고 가슴 주물럭 한 주호영은 뭔가?? 180석의 겸손?! 계속 개소리할 거면 금배지 내려놓고 나가라!!!"
255,중진,"말씀하신 대로 열심히 2030 관련된 정책 내고 입 안 하는 거 중요하죠. 근데 그거 못지않게 중요한 게 홍보입니다! 우리 이러 이런 거 만들었어 알아봐 줘! 가 아니라 커뮤니티 대응팀 만들어서 홍보 좀 하라고요.. 2030 들 커뮤니티 중독처럼 진짜 많이 합니다. 청와대나 당이나 홍보 마케팅 전문가 좀 잘 들여와서 커뮤니티 공략해야 합니다. 그래야 지지자들이 또 퍼 나르고 하죠.  포탈만큼 중요해요. 유튜브 SNS도 물론 적극적으로 활용하고요. 제발 법안, 정책 홍보 좀 확실하게... 진정성 있는 것도 좋은데 쇼도 필요할 때 해야죠. 커뮤니티에 관심 가지라고 꼭강에 말씀해주시고 박 대표님 보실 수 있게 추천 좀 부탁드려요"
256,부산,"되게 순진 한 생각을 가지고 계시네요. 이대로 가면 대선 때도 20, 30 남성들 민주당 안 찍습니다. 20, 30 남성들 의견 여성들 의견 둘 다 듣고 행동하면 민주당 찍어줄 것 같습니까?? 20, 30 여성 중 폐 미적 성향 가진 사람들 민주당 국 합니다 안 찍어요. 두 마리 토끼 잡으려고 둘 다 놓치는 꼴 됩니다. 페미 빠르게 손절매하고 선 그어서 20, 30 남성들 표심 돌려야 합 네 다 어차피 페미들은 국 심당 민주당 안 찍는다는 거 좀 아셔야 해요 남성들이 국 힘 좋아서 찍은 줄 아시나요 민주당 찍으면 더 폐 미적 정책 펼칠까 봐 찍은 겁니다. 페미랑 선 긋지 않으면 정권 넘어갑니다. 답답하네요"
257,입법,언론에 화나지 마세요 이낙연 전 대표가 언론 개혁을 방해하고 조웅천. 백혜련이 검찰 개혁 법안 미루고 180석 민주당 적폐들은 허송세월만 보내고 있으니 선거에서 개망신을 당하지. 정신 차려 시간 없으니
258,진정,부동산 정책은 제발 그냥 부자세 팍 때리고 3채 이상 세금 팍 때리고... 개미 투기 내버려 두고 시장에 맡겨요. 그리고 부자세 팍 때리고 제대로 설명해서 국민들이 조중동이 마치 서민에게도 영향을 미치는 것처럼 거짓 보도하면 맞서서 철저히 널리 알리고 홍보해야 해요. 언론을 통해서만 이 아니라 지역구 의원들이 그 지역 통장 반장... 뭐든 이분들과 직접 만나서 설명하고  자료 배포해야 합니다.
259,어제,노인들은 투표하지 말라는 거나 같죠. 남자들은 성범죄자야 라고 하는데 누가 좋아해요? 약자를 도와야지 이런 설교가 안 통하는 시대예요. 어떻게도 울 거란 게 나와야죠. 여자 대신 위험한 일을 하는 남자가 거리 다니기 무섭다는 걸 어떻게 알아요? 내가 공포를 알아야 남을 이해하는데 여자 대신 위험한 일도 웃어넘기며 하는 남자가 당연히 그보다 덜 무서운 거리 다니기 무섭다 는 걸 이해 안 되죠. 내가 이해가 안 되는데 거리 다니기 무섭다는 여자를 어떻게 알고 대우해줘요? 그런데 여자가 약자니까 약자가 하는 말 리가 해 이런 방식은 요즘 40대 남자도 안 먹혀요. 노무현 정부 때 노동자. 농민 팔면 진중권처럼 약자를 도와야 지식인이지 라고 자기 가오 지키려고 한마디씩 하는 인간들 잔뜩 나와서 노무현 공격했죠. 이벤트엔 그걸 여자로 바꾼 거죠. 약자인  여자들 편들어줘야 한다며 남자들 쫓아내게 하는 거……. 민노총. 이 그러다 노동자 이미지 싹 망쳐났죠. 약자를 괴롭히는 걸 막거나 도우라고 권유 하는 건데 내가 도울 건 아니지만 남보고 약자 도우라고 명령하고 안 하면 혼내겠다는 이런 식으로 접근하죠. 그러니 차라리 괴롭혔으면 이런 꼴은 안 당했을 터라면서 돌아서죠……. 뭔지도 모르고 약자니까 내가 해줄게 이런 게 정의당 방식인데……. 심상정이 문재인 너 왜 노동자 안도와 이 국 힘 당이랑 똑같은 놈아 정의의 히어로 나 심상정이 혼내주겠다.. 와 같은 걸 민주당이 20대 남자에게 한 거죠
260,나가,"저 캐나다 살고 있는데, 참 한국 사람들 정말 국민소득만 올랐지, 마인드는 수준 이하이지 싶네요. 집 한 채라도 있고, 공시가 오르면 당연히 세금 더 내야 하고 소유에 대해의 무 당연한 거인데, 제집은 밴쿠버 변두리 36평 정도 타운 하우스인데, 재산세만 삼천불이에요. 이번에 여기도 집값 많이 오르고 공시가도 올라 재산세 더 내야 하죠. 살지 않고 세만 주면 세금 더  내요. 대신 시니어들은 25 깍 아주죠. 여기도 렌트비 엄청나게 올랐고요, 제 딸 28살인데, 딸 대학 친구들 여태 취직 못 하고 파트타임으로 일하고 있어요. 청년 실업 대한민국만의 문제 아니고, 어떻게 대한민국 국민들 입맛을 다 맞춰 줍니까? 국민의 힘 당은 그들이 부정해도 성추행을 해도 걔들한텐 관대하고 민주당 사람들은 집 두 채 있어도 안 돼, 성추행, 천하의 죽일 놈 되고, 그러니 노예근성 후진국 마인드라 할 수밖에요, 그런 국민들 앞에서 선진 정치는 이 상징치라고 전 생각 해요."
261,만든,아직 정신 못 차린 몇 진보 유튜브 때문에 미치겟슴.. 언론 때문에 따로 또 남 탓 하잔 씀. 이건 민주당 내부에서 말려야 함. 현재는 페미 부동산 문제 해결이 시급해요.
262,가격,국민이 힘을 줬을 때 미비한 법을 다 개정하길 바랍니다. 언론사와 관련한 징벌적 손해배상 법 공직자 처벌법 검사와 판사들의 이 해충들 법 민생법안 처리 안 하면 내년 대선도 없고 나 역 쉬 민주당과 굿바이 합니다. 정신 차리세요. 눈치 볼 것 없고 시장 1년짜리 준 것은 아직 민주당에 기회를 준 것이니 지 잘 잘하길 부탁합니다
263,한국,"정책, 공약이란 게 일관성이 중요하다고 봅니다 어느 계층을 위해 타기팅한다는 건 솔직히 낚시성 같아 보입니다. 40대 빼놓고는 다 돌아섰잖아요 그렇다면 다른 계층은 어떻게 하나요? 오세훈 말대로 골고루 이낙연 말대로 두텁게 지원하나요? 그렇게 따지면 오히려 표가 많은 건 중 노년층들입니다. 표가 많고 적고를 떠나 진정성 있고 변치 않는 정책과 공약이 필요하다고 봅니다 그런 면 서중 노년층과 20대 중 솔직히 20대는 공약으로 끌어내기가 힘들다고 봅니다 다 만족시킬 수는 없습니다. 버릴 건 빨리 버리는 게 좋다고 봅니다 그렇다고 민주당이 국지 마당처럼 특정 지지층을 버리고 무시하는 당이 아니기에 너무 오해할 필요는 없습니다. 민주당이 20대들한테 국지 마당보다 못하지는 않으니까 요 이준석 같은 혀를 설치는 놈에게 놀아난 애들은 솔직히 답이 없고요."
264,않습니다.,포털만 들어가면 기러기들의 억지 소설이 판을 치고 댓글 부대들 가 댓글을 조작해서 여론을 조작하는 실정입니다. 언론만 탓할 게 아니라고요?? 40대인 저도 흔들리는 마당에 2030이 스스로 올바른 판단을 할 수 있을까요? 노인들이 조중동 종편 TV를 보면서 문 정부를 욕하는 상황과 무엇이 다를까요?? 2030이 원하는 당근을 손에 쥐여준 들기 레기를 이 비꼬고 댓글 부대가 또 여론을   조작하면 2030들의 욕망을 채우기란 깨진 항아리에 물 붓기처럼 헛수고가 될 것입니다. 그래서 무조건 언론 개혁이 우선이라고 생각합니다.
265,당원,지난 1년 동안 180석 가지고도 이리 X 신 짓거리를 할 수도 있다고 하고 정말 뼈저리게 느꼈습니다. 민주당은 180석의 자만에 빠져 국민들과 소통하는 눈과 귀를 다 닫은 거 같더군요. 핑곗거리는 그만 찾으시고 바퀴 십이시오 지금 당장 당내 X맨과 수박들 싹 다 쳐내고 새롭게 시작하십시오. 초선 위원들 중심으로 그동안 지지부진 미뤄왔던 진정한 개혁 태풍을 한번 일으켜 보란 말입니다.
266,놓고,우리 아들도 20대 청년인데 우리 정부 우리 민주당을 비판하고 지지 안 합니다. 너무 마음이 아팠고 180석 권력을 몰아주었는데 개혁 하나 제대로 못 하고 국지 마당에 끌며 다니고 여당 존재 가치조차도 모든 것을 잃어버리고 날리고 그동안 뭐 하고 있었어요. 우리 세금만 날리고 있었나요. 제 발 180석으로 일 좀 잘하세요. 제발
267,공무원,20대 없는 20대 토론 잘 봤습니다. 20대 남성은 왜 국 합니다 723%로 갈 수밖에 없었을까요? 통합 융합하려는 마음이 있으시다면 잘 생각해보시기 바랍니다. 지금 20대 남성은 위로는 기 특권 유교주의 세대가 꽉 차 있고요. 옆으로는 페미니즘 래디컬 페미니즘 페미니스트가 꽉 차 있습니다. 취업 취직 알바를 구하기 힘든 건 기본 전제조건이고요. 20대 남성 95%가 군 복무해 필요로 하는 것도 당연히 기본 조건이고요. 숨 쉴 구멍이 없습니다. 토론하는 것을 보니 앞으로도 20대 남성이 어떤 것을 무엇을 원하는지는 잘 모르고 계속 현 상태를 유지하실 것 같네요. 수고하세요
268,정청래,"제일 중요한 건 국민들의 삶이 고된 것을 만져주지 못한 것이 원인 더불어 언론의 편파성, 부동산 정책, LH 사태도 악화 요인. 추가로 안이한 선거전략. 안이한 의정활동. 제대로 되지 않았던 소통. 가장 걱정되는 것은 이것을 민주당이 잘 파악할 것이냐.. 그리고 제대로 대처를 할 것이냐"
269,기회,초선들이 자기들 잘나서 의원 된 줄 아나 보네요. 검찰 개혁하려다 검찰에 당하던 것 보고 대신 검찰 개혁 해달라고 국민들이 찍어준 거예요. 이 사람들아
270,합시다.,민주당 검찰 사법 언론개혁 전광석화처럼 해라 게으른 사람이 국민 50 프로가 먹고살기 바쁜 그 사람들은 유튜브 안 본 다 주위에 널린 것은 뉴스와 포탈이 다 거기에 세뇌당한 다 즉 뭘 정한 삼도 무당말 자꾸 들으면 빠져든다.
271,욕망,"2,030대들? 왜들 걱정하지??? 민주당이 지금까지 4번의 선거에서 승리했으니 당연히 2030 대들은 세상을 모르는 것이겠지 대선 앞두고 예방주사 맞았다고 생각하면 됨과 난 너무 잘 됐다고 생각하는데 1년짜리 서울시장 오세훈 부산시장 박형준이 쓰레기라는 것을 국민의 짐 맛을 알았으면 다음부터 국민의 짐 처 다 보지도 않을 듯……."
272,이들,언론개혁 시급합니다. 언론 기리기 포털 국지 마당 한 폐가 다 되어서 선거 이기기가 쉽지 않았어요. 너무 억울해요. 후니 현중 도덕성 거짓말이 문제인데 거르지 못한 게 아쉬워요. 진실은 언젠가 드러납니다
273,했습니다.,그 기고 검찰 개혁을 보면서 체계적 이 아닌 우왕좌왕. 땜질 등으로밖에 안 보여 지겹습니다. 검찰 개혁 언론개혁 다 좋은데 유능하게 해주길. 요즘 커뮤니티 보면 무서울 정도로 저들은 온갖 뉴스를 퍼 나르던데 우리는 상상도 하기 어렵더라는. 가짜 뉴스나 찌라 시굴이 마치 뉴스인 냥 하던데 그런 대책 어떻게 하면 할지 걱정됩니다. 그런 것들 좀 모아서 제출하는 곳이 있으면 좋겠다는  생각도 했는데 이 부분 놓치면 그냥 넘어갈 수 있을 듯. 제발 제대로 하길!
274,당이,맨날 개혁한다고 이 집단 저 집단 싸우고 마무리는 흐지부지 수습은 정부 공무원들. 세금 내는 사람들은 탈세자 나쁜 놈 만들고 세금으로 해 택하는 사람들은 중요한 유권자. 20대 남자 청년들은 잠재적 성범죄자 성별 차별치 만들고 질 좋은 일자리는 말로만. 민주당 안녕히 가세요.
275,대치어,오늘 방송을 민주당에서 꼭 받아들였으면 좋겠네요. 아니면 다음 선거 예 폭만 하는 거지 뭐 이제 민주당은 정신 차리고 책임을 져야 한다. 변명하지 말고 언론개혁은 꼭 해라
276,기대,"전 군대 전역 전까지는 보수를 지지했지만, 대학에서 양극화에 관심을 가지면서 진보로 돌아섰죠! 20대의 경우 성격이 너무나 다르기에 초중반을 나눠서 공략해야 한다고 생각해요! 가령 20대 초반이 등록금 같은 게 문제라면 중반은 취업 후반은 자산 형성처럼 2,030대 고민 혼재 세세하게 고민하는 흔적들을 보여주는 게 중요하다고 생각합니다... 정당 색채가 엷을 때는 사소한 이유로 지지 정당이 변하는 경우가 많으니…."
277,조선,아니 180석 여당이 수술실 CCTV 법 하나도 통과를 못 시킨 정당인데 통과 촉구 시위라도 하셨나요? ㅋㅋ ㅋㅋㅋ 개혁 법안과 함께 국민이 원하는 법을 야당 방해 뚫고 직접적으로 하라는 이 미인 데 저 작은 CCTV 법도 통과를 못 시키는 당이 퍽 선택받겠네요. ㅋㅋㅋ 조국을 들먹이기 전에 그거부터 하세요. ㅋㅋ본인들이 일 안 해놓고 짜증 나서 복 분만 하네
278,일자리,가장 큰 문제는 언론입니다. 여당의 잘잘못만 말하는 언론이 정부가 잘한 것도 많은데 하나도 기사로 나오지도 않고 언론 개혁하지 않으면 정권 다시 못 잡습니다.
279,말입니다.,"몸 안에서 무엇인가 무너져 내린 기분.. 그래도 힘내고 가야죠. 민주당은 뼈아픈 진단 새겨들어야 합니다. 황희 두 임 자주 함께해서 2,030대 남성들의 마음을 얻을 방안도 모색해야 합니다. 그리고 전 국민 재난지원금 보편 지급!! 언론개혁!!"
280,말이,20대부터 60대까지 집토끼들을 왜 놓쳤을까?? 체계적이지 못하고 진정성이 없었기 때문이라고 생각함. 게다가 오만하고 게으름까지 더했고. 이번 기회를 제 발 놓치지 말길. 민주당 찍는 꽤 시민들은 대선을 위해 이번에 투표 고 안 하고 저쪽 당 찍어버린 사람도 있는데 민주당 정신 차려서 제 잘 대선에 이기길 바라는 깊은 충정이 있음을 알아야 함.
281,바보,언론개혁보다 조선 비리 찾아 때려. 언론 환경 만날 이래. 언론 탓보단 대체 진보언론을 키우라니까. 근데 포털은 문제 돼. 젊은 세대들에 너무 큰 영향을 미쳐. 포털 문제 너무 가볍게 보지 마. 포털 문제는 너무 커. 압력을 가하는 것보다 적어도 다음은 진보 쪽으로 끌어들이게 해야 해
282,나라,"음.... 어차피 2030 세는 안철수 따라다닙니다... 예전 충청도와 김종필 이 선거를 결정했는데 저번 대선부터는 안철수가 그 역할을 하는 것 같습니다. 김종인이 안철수 외 윤석열을 끌어들여서 내년 대선도 꾹 짐이 무난히 이길 것으로 생각됩니다... 민주당과 문 정부가 못해서 다 아니라 김종인 선거 기술자에 한국이 놀아나네요... 이기려면 안철수 윤석열 다시  데려오던 가, 그게 싫으면 180석으로 무서워서 오줌 질질 싸도록 발라 버려야 합니다... 겸손 겸허함은 지나가는 개나 줘 버립시다…."
283,모른다.,"민주당도 분명 책임은 있지만, , 가장 큰 문제는 언론이다!!!! 언론의 보도... ! 고치지 못하면, , 앞으로 계속 20대들 그리고 투표할 나이가 될 10대들……. 지금 민주당을 계속 기 특권으로 본다. 언론 꼭 고쳐야 한다!!"
284,인제,제발 민주당은 586은 뒤로 가면 안 되나요? 더 지금 시대는 정의나 민주가 아닌 공정과 안정 그리고 유능하고 선한 정치를 원합니다. 박용진. 조응천을 내치지 말고 특히 박 의원은 젊은 의원입니다. 고 민정이나 김남국 의원은 초선인데 너무 설친다는 느낌을 받으니 제 중 해주길. 정청래 의원 안 나서신다니 다행. 국민은 새로운 능력자들을 원합니다.
285,홍남기,민생개혁 올인해야 함 2차 언론 검찰 개혁 20대 비하 많은 댓글은 상대방 전술임. 박 후보 캠프에서 20대 역사적 경험치 낮다. 대답도 아쉬웠는데 20대들도 현명해서 민주당 지지할 것이며 파이팅
286,공정,"이상직 나왔을 때 구독 취소했었는데.. 다시 구독 눌렀습니다.. 굳이 이유는 설명하지 않겠습니다.. 그리고 협치라?? ㅋㅋ 이번 정권 정말 망하라고 굿을 하네.. 역시 매파 언론 패널들 수준하고는... 민주당이 살길은 단 하나. 가장 잘하는 걸 하면 돼.. 그 잘하는 걸 안 해서 욕먹은 거야!! 바로 진정성 그런데 방송 다음 날, 초선들 때문에 참사 가 일어났네.. 아이도야.... 지지자들은 대갈빡 잡고 기다리고 있는데 현직 의원들은 점점 멀어져 가네…."
287,민생,지금 민주당이 1030의 민심을 다 잃었다고 봐도 무방합니다. 심각하게 받아들여야 합니다. 그리고 우리는 협치 필요 없이 강한 개혁이 필요합니다. 각성해서 정신 차리고 내년 대선 이겨냅시다
288,엄청,박병석 이낙연 김태년 가장 큰 적폐 그동안 속이 더 졌다. 조 국 장관님 추미애 장관님 고통당할 때 검찰 개혁 언론 개혁 주택 하늘 높은지 오른 가격 어떤 일을 했는지 지겹게 끌면서 국민을 지치게 할게 하고 대치어 없음
289,것만,20대 30대 남자들은 오히려 여자들에 대해서 역차별당하고 있다고 생각하고 있습니다. 군 복무 가산점은 없으시고 여성 가산점은 생겨나고 고등 교육 및 취업 시에 역차별당해 피해를 보고 있다고 생각하고 있는 것이죠. 군대 가기 전에는 같은 라인에 있었는데 군 복무를 끝내고 돌아오니 여자들을 학업도 2년 앞서 나가고 취업 준비를 더 해서 2년 뒤처져 불리하다는 피해 의식이 있는 것이죠. 남녀가 공정성이 깨지는 것인 것에 분노하고 있는 것입니다.
290,환경,"아이디어 모아서 과감하게 실효적인 정책을 그리고 법안을 협치의 정신을 배제하고 이른 시간 안에 추진하면, , 쯧쯧 저것들 선거에서 지니까 우리가 표를 안 주니까 발 등에 불 떨어져서 하는 척만 한다고 하고 비웃지 않습니다. 그 결과가 자신의 삶을 낫게 할 것이 눈에 보이기 때문에 자기의 표가 중요함을 더 느끼게 되고 변화를 실천하는 민주당이 예뻐 보이게 되죠. . 그렇게 하나하나 풀어가면 됩니다. 이재명 지사가 온갖 난관 속에서도 자기 할 일을 흔들림 없이 했더니 평가가 좋아지듯이요. 위기를 기회로 바꿀 수 있겠네요. 당장 합시다."
291,청와대,"직장 20대 남자 후배들하고 정치 관련 대화해보면 문재인 대통령을 이명박·박근혜급의 적폐로 취급합니다. 20대 남성들의 민주당, 정부에 대한 적개심부터 해소하는 거로 출발해야 합니다."
292,부족,"전략이고 뭐고 언론 개혁, 검찰 개혁 확실히 하고 김태년 잘라야 해요. 이해찬도 자르고요. 헛소리나 해대고, 속 터져 정말 민주당에 오렌지들 솎아냅시다. 180석 가지고 뭣들 하는지 그리고 패배 분석해 본 기사를 보니 LH가 승패를 갈랐다더군요.. 이재명 좋겠어요."
293,최강,"빛내서 집 사고라 하고, 가계부채 1,300조 건설 경기로 재미 본 투기 정권 누굽니까? 0 금리 시대에 부동산 실패 한국만 했고 한나라당은 공동 책임에 저항자 아닙니까? 극렬히 배신으로 검찰 역, 언론 권력 지원 부재로 문재인 정부는 사실상 물러터진 레임덕 정권이 되었다."
294,기가,20대 30대 돌아 쓴 걸 단순히 부동산 문제라고 생각하지 마라. 조국 사태부터 진영 논리에 빠져서 우리 편이면 무조건 빨아 재끼던 모습에 넌더리가 나기 시작한 거다 윤 미향 윤지오 추미애 말하기도 지친다.
295,가야,초선 의원들 모임 가시면 1. 다선들 자제시켜라 2. 초선들이 직접 나서라 3. 네이버 다음 기사 올릴 때 팩트가 아닐 시 법정 제제가 하라 4. 20대 남녀 갈등 문제 뭐가 무엇인지 알아라
296,마라.,"민동기 기자의 주장이나 분석은 일면 동의하기도 하나... 언론, 포털에 대한 확실한 개혁이 없다면 안 됩니다. 말씀 중에 꾹 힘이 지금은 언론 스폿을 다 받는 시기라며 민주당도 뉴페이스가 좀 대차게 밀고 나가 언론 스폿을 받아야 한다고 하셨는데... 어느 언론, 어느 포털이 써주나요? 언론 포털 확실히 해체해야 합니다."
297,실망,저 중고딩 아이 둘 키우는 40대 중반 주부지만 이삼십대 여자들 요즘 혜택이 더 많았으면 많았지 불이익받는 건 없어요. 20대 남자들한테 피해 의식이니 뭐니 하며 헛소리 해서 또 열 받게 하지 마시고 남녀에게 혜택을 똑같이 주세요. 그리고 전 연령층에서 참패한 건 부동산값 폭등 문제니깐 그거나 내려놔요. 더 쓰면 쌍욕 나올 거 같아 여기까지만 합니다
298,1주택,그냥 돈을 주세요. 2030 돈이 없어요. 코로나로 인건비부터 줄였습니다. 2030 알바 직장 잘리고 진짜 돈이 없어요. 매월 30만 원씩 전 국민 줬어 봐요. 이 꼴 나는 가요. 국민 세금을 위기 상황에 국민한테 준다는 데 굳이 선별해서 편 가르기도 합니까. 소상공인이 이번에 민주당 얼마나 투표했겠어요. 홍남기 김상조 이낙연 이것들 관리 못 한 청와대 정말 짜증입니다. 서민들이 민주당의 기본 틀입니다. 소상공인 하는데 보증금 몇억이 하는 가게 사장이 서민인가요? 년 매출 몇억씩 올리는 가게 사장이 서민인가요? 소상공인을 지원한 게 잘못 했다는 게 아니고요. 서민들을 우선 지원했어야죠. 아니면 그냥 다 주던지. 이번 선거는 홍남기가 그냥 망친 겁니다. 그 모피아 개자식.
299,내부,"안진걸 소장님께 맛있는 음식도 사드리고 싶고 어떻게든 힘을 실어 드리고 싶습니다. 얼마나 수고하고 애쓰시는지, 목메고 종종 갈라지는 목소리에서도 민생에 얼마나 애절하신지 느낄 수 있습니다. 저 5인의 초선 의원들은 국민과의 공감이 무엇인지 그의 미도 잘 모르고 공감이 부족했다고 말하는 것 같습니다. 모르면 안진걸 소장님께 배우면 좋을 것을... 소장님, 건강 잘  챙기시고, 너무 속상해 마시고 힘내십시오!!!"
